<?xml version="1.0" encoding="UTF-8"?>

<Bundle xmlns="http://hl7.org/fhir">
  <id value="77a9eca5-26d3-4abc-8288-64c728584868"/>
  <meta>
    <lastUpdated value="2022-10-11T20:54:56.741+00:00"/>
  </meta>
  <type value="collection"/>
  <entry>
    <fullUrl value="http://example.com/fhir/example/ValueSet/vs-product-size"/>
    <resource>
      <ValueSet>
        <id value="vs-product-size"/>
        <text>
          <status value="generated"/>
          <div xmlns="http://www.w3.org/1999/xhtml">
            <p>This value set contains 4 concepts</p>
            <table class="codes">
              <tr>
                <td style="white-space:nowrap">
                  <b>Code</b>
                </td>
                <td>
                  <b>System</b>
                </td>
                <td>
                  <b>Display</b>
                </td>
                <td>
                  <b>French (fr)</b>
                </td>
                <td>
                  <b>Spanish (es)</b>
                </td>
              </tr>
              <tr>
                <td style="white-space:nowrap">
                  <a name="null-s"> </a>  s
                </td>
                <td/>
                <td>Small</td>
                <td>Petit</td>
                <td>Pequeño</td>
              </tr>
              <tr>
                <td style="white-space:nowrap">
                  <a name="null-m"> </a>  m
                </td>
                <td/>
                <td>Medium</td>
                <td>Moyen</td>
                <td>Medio</td>
              </tr>
              <tr>
                <td style="white-space:nowrap">
                  <a name="null-l"> </a>  l
                </td>
                <td/>
                <td>Large</td>
                <td>Large</td>
                <td>Grande</td>
              </tr>
              <tr>
                <td style="white-space:nowrap">
                  <a name="null-xl"> </a>  xl
                </td>
                <td/>
                <td>Xtra Large</td>
                <td>Très Large</td>
                <td>Muy grande</td>
              </tr>
            </table>
          </div>
        </text>
        <url value="http://example.com/fhir/example/ValueSet/vs-product-size"/>
        <version value="1.0.0"/>
        <name value="VSProductSize"/>
        <title value="Product-size"/>
        <status value="active"/>
        <date value="2022-10-11T20:54:56+00:00"/>
        <publisher value="My Organization"/>
        <contact>
          <name value="My Organization"/>
          <telecom>
            <system value="url"/>
            <value value="http://example.com/committees"/>
          </telecom>
          <telecom>
            <system value="email"/>
            <value value="my-group@example.com"/>
          </telecom>
        </contact>
        <contact>
          <name value="Bob Smith"/>
          <telecom>
            <system value="email"/>
            <value value="bobsmith@example.com"/>
            <use value="work"/>
          </telecom>
        </contact>
        <description value="Product size"/>
        <jurisdiction>
          <coding>
            <system value="http://unstats.un.org/unsd/methods/m49/m49.htm"/>
            <code value="001"/>
            <display value="World"/>
          </coding>
        </jurisdiction>
        <expansion>
          <contains>
            <code value="s"/>
            <display value="Small"/>
            <designation>
              <language value="fr"/>
              <value value="Petit"/>
            </designation>
            <designation>
              <language value="es"/>
              <value value="Pequeño"/>
            </designation>
          </contains>
          <contains>
            <code value="m"/>
            <display value="Medium"/>
            <designation>
              <language value="fr"/>
              <value value="Moyen"/>
            </designation>
            <designation>
              <language value="es"/>
              <value value="Medio"/>
            </designation>
          </contains>
          <contains>
            <code value="l"/>
            <display value="Large"/>
            <designation>
              <language value="fr"/>
              <value value="Large"/>
            </designation>
            <designation>
              <language value="es"/>
              <value value="Grande"/>
            </designation>
          </contains>
          <contains>
            <code value="xl"/>
            <display value="Xtra Large"/>
            <designation>
              <language value="fr"/>
              <value value="Très Large"/>
            </designation>
            <designation>
              <language value="es"/>
              <value value="Muy grande"/>
            </designation>
          </contains>
        </expansion>
      </ValueSet>
    </resource>
  </entry>
  <entry>
    <fullUrl value="https://www.ehealth.fgov.be/standards/fhir/allergy/ValueSet/be-causativeagent"/>
    <resource>
      <ValueSet>
        <id value="be-causativeagent"/>
        <text>
          <status value="generated"/>
          <div xmlns="http://www.w3.org/1999/xhtml">
            <p>This value set contains 8 concepts</p>
            <p style="border: black 1px dotted; background-color: #EEEEEE; padding: 8px; margin-bottom: 8px">Expansion based on SNOMED CT International edition 31-Jul 2022</p>
            <table class="codes">
              <tr>
                <td style="white-space:nowrap">
                  <b>Code</b>
                </td>
                <td>
                  <b>System</b>
                </td>
                <td>
                  <b>Display</b>
                </td>
              </tr>
              <tr>
                <td style="white-space:nowrap">
                  <a name="http---snomed.info-sct-264295007"> </a>  
                  <a href="http://snomed.info/id/264295007">264295007</a>
                </td>
                <td>http://snomed.info/sct</td>
                <td>Cow's milk protein (substance)</td>
              </tr>
              <tr>
                <td style="white-space:nowrap">
                  <a name="http---snomed.info-sct-230034002"> </a>  
                  <a href="http://snomed.info/id/230034002">230034002</a>
                </td>
                <td>http://snomed.info/sct</td>
                <td>Nuts and seeds (substance)</td>
              </tr>
              <tr>
                <td style="white-space:nowrap">
                  <a name="http---snomed.info-sct-7791007"> </a>  
                  <a href="http://snomed.info/id/7791007">7791007</a>
                </td>
                <td>http://snomed.info/sct</td>
                <td>Soy protein (substance)</td>
              </tr>
              <tr>
                <td style="white-space:nowrap">
                  <a name="http---snomed.info-sct-89707004"> </a>  
                  <a href="http://snomed.info/id/89707004">89707004</a>
                </td>
                <td>http://snomed.info/sct</td>
                <td>Sesame oil (substance)</td>
              </tr>
              <tr>
                <td style="white-space:nowrap">
                  <a name="http---snomed.info-sct-260167008"> </a>  
                  <a href="http://snomed.info/id/260167008">260167008</a>
                </td>
                <td>http://snomed.info/sct</td>
                <td>Sesame seed (substance)</td>
              </tr>
              <tr>
                <td style="white-space:nowrap">
                  <a name="http---snomed.info-sct-735029006"> </a>  
                  <a href="http://snomed.info/id/735029006">735029006</a>
                </td>
                <td>http://snomed.info/sct</td>
                <td>Shellfish (substance)</td>
              </tr>
              <tr>
                <td style="white-space:nowrap">
                  <a name="http---snomed.info-sct-710179004"> </a>  
                  <a href="http://snomed.info/id/710179004">710179004</a>
                </td>
                <td>http://snomed.info/sct</td>
                <td>Lupine seed (substance)</td>
              </tr>
              <tr>
                <td style="white-space:nowrap">
                  <a name="http---snomed.info-sct-735977009"> </a>  
                  <a href="http://snomed.info/id/735977009">735977009</a>
                </td>
                <td>http://snomed.info/sct</td>
                <td>Marine crustacean (substance)</td>
              </tr>
            </table>
          </div>
        </text>
        <extension url="http://hl7.org/fhir/StructureDefinition/structuredefinition-fmm">
          <valueInteger value="1"/>
        </extension>
        <url value="https://www.ehealth.fgov.be/standards/fhir/allergy/ValueSet/be-causativeagent"/>
        <version value="1.0.0"/>
        <name value="BeCausativeAgent"/>
        <status value="active"/>
        <date value="2022-10-11T20:54:56+00:00"/>
        <publisher value="My Organization"/>
        <contact>
          <name value="My Organization"/>
          <telecom>
            <system value="url"/>
            <value value="http://example.com/committees"/>
          </telecom>
          <telecom>
            <system value="email"/>
            <value value="my-group@example.com"/>
          </telecom>
        </contact>
        <contact>
          <name value="Bob Smith"/>
          <telecom>
            <system value="email"/>
            <value value="bobsmith@example.com"/>
            <use value="work"/>
          </telecom>
        </contact>
        <description value="Codes as communicated by NIHDI and the FPS Terminology Center differentiating types of causative agent. This valueset supports the Belgian federal FHIR profiling effort."/>
        <jurisdiction>
          <coding>
            <system value="http://unstats.un.org/unsd/methods/m49/m49.htm"/>
            <code value="001"/>
            <display value="World"/>
          </coding>
        </jurisdiction>
        <expansion>
          <identifier value="urn:uuid:35231545-20bc-46e6-b5ee-6c1c5b01c11d"/>
          <timestamp value="2022-10-11T20:55:05+00:00"/>
          <total value="8"/>
          <parameter>
            <name value="excludeNested"/>
            <valueBoolean value="false"/>
          </parameter>
          <parameter>
            <name value="limitedExpansion"/>
            <valueBoolean value="true"/>
          </parameter>
          <parameter>
            <name value="version"/>
            <valueUri value="http://snomed.info/sct|http://snomed.info/sct/900000000000207008/version/20220731"/>
          </parameter>
          <contains>
            <system value="http://snomed.info/sct"/>
            <code value="264295007"/>
            <display value="Cow's milk protein (substance)"/>
          </contains>
          <contains>
            <system value="http://snomed.info/sct"/>
            <code value="230034002"/>
            <display value="Nuts and seeds (substance)"/>
          </contains>
          <contains>
            <system value="http://snomed.info/sct"/>
            <code value="7791007"/>
            <display value="Soy protein (substance)"/>
          </contains>
          <contains>
            <system value="http://snomed.info/sct"/>
            <code value="89707004"/>
            <display value="Sesame oil (substance)"/>
          </contains>
          <contains>
            <system value="http://snomed.info/sct"/>
            <code value="260167008"/>
            <display value="Sesame seed (substance)"/>
          </contains>
          <contains>
            <system value="http://snomed.info/sct"/>
            <code value="735029006"/>
            <display value="Shellfish (substance)"/>
          </contains>
          <contains>
            <system value="http://snomed.info/sct"/>
            <code value="710179004"/>
            <display value="Lupine seed (substance)"/>
          </contains>
          <contains>
            <system value="http://snomed.info/sct"/>
            <code value="735977009"/>
            <display value="Marine crustacean (substance)"/>
          </contains>
        </expansion>
      </ValueSet>
    </resource>
  </entry>
  <entry>
    <fullUrl value="http://example.com/fhir/example/ValueSet/vs-product-size"/>
    <resource>
      <ValueSet>
        <id value="vs-product-size"/>
        <text>
          <status value="generated"/>
          <div xmlns="http://www.w3.org/1999/xhtml">
            <p>This value set contains 4 concepts</p>
            <table class="codes">
              <tr>
                <td style="white-space:nowrap">
                  <b>Code</b>
                </td>
                <td>
                  <b>System</b>
                </td>
                <td>
                  <b>Display</b>
                </td>
                <td>
                  <b>French (fr)</b>
                </td>
                <td>
                  <b>Spanish (es)</b>
                </td>
              </tr>
              <tr>
                <td style="white-space:nowrap">
                  <a name="null-s"> </a>  s
                </td>
                <td/>
                <td>Small</td>
                <td>Petit</td>
                <td>Pequeño</td>
              </tr>
              <tr>
                <td style="white-space:nowrap">
                  <a name="null-m"> </a>  m
                </td>
                <td/>
                <td>Medium</td>
                <td>Moyen</td>
                <td>Medio</td>
              </tr>
              <tr>
                <td style="white-space:nowrap">
                  <a name="null-l"> </a>  l
                </td>
                <td/>
                <td>Large</td>
                <td>Large</td>
                <td>Grande</td>
              </tr>
              <tr>
                <td style="white-space:nowrap">
                  <a name="null-xl"> </a>  xl
                </td>
                <td/>
                <td>Xtra Large</td>
                <td>Très Large</td>
                <td>Muy grande</td>
              </tr>
            </table>
          </div>
        </text>
        <url value="http://example.com/fhir/example/ValueSet/vs-product-size"/>
        <version value="1.0.0"/>
        <name value="VSProductSize"/>
        <title value="Product-size"/>
        <status value="active"/>
        <description value="Product size"/>
        <expansion>
          <contains>
            <code value="s"/>
            <display value="Small"/>
            <designation>
              <language value="fr"/>
              <value value="Petit"/>
            </designation>
            <designation>
              <language value="es"/>
              <value value="Pequeño"/>
            </designation>
          </contains>
          <contains>
            <code value="m"/>
            <display value="Medium"/>
            <designation>
              <language value="fr"/>
              <value value="Moyen"/>
            </designation>
            <designation>
              <language value="es"/>
              <value value="Medio"/>
            </designation>
          </contains>
          <contains>
            <code value="l"/>
            <display value="Large"/>
            <designation>
              <language value="fr"/>
              <value value="Large"/>
            </designation>
            <designation>
              <language value="es"/>
              <value value="Grande"/>
            </designation>
          </contains>
          <contains>
            <code value="xl"/>
            <display value="Xtra Large"/>
            <designation>
              <language value="fr"/>
              <value value="Très Large"/>
            </designation>
            <designation>
              <language value="es"/>
              <value value="Muy grande"/>
            </designation>
          </contains>
        </expansion>
      </ValueSet>
    </resource>
  </entry>
</Bundle>