<?xml version="1.0" encoding="UTF-8"?><Questionnaire xmlns="http://hl7.org/fhir"><id value="allergy-intolerance-questionnaire"/><language value="en"/><text><status value="generated"/><div xmlns="http://www.w3.org/1999/xhtml" xml:lang="en" lang="en"><b>Structure</b><table border="1" cellpadding="0" cellspacing="0" style="border: 1px #F0F0F0 solid; font-size: 11px; font-family: verdana; vertical-align: top;"><tr style="border: 2px #F0F0F0 solid; font-size: 11px; font-family: verdana; vertical-align: top"><th style="vertical-align: top; text-align : left; background-color: white; border: 1px #F0F0F0 solid; padding:0px 4px 0px 4px" class="hierarchy"><a href="http://hl7.org/fhir/R4/formats.html#table" title="The linkId for the item">LinkId</a></th><th style="vertical-align: top; text-align : left; background-color: white; border: 1px #F0F0F0 solid; padding:0px 4px 0px 4px" class="hierarchy"><a href="http://hl7.org/fhir/R4/formats.html#table" title="Text for the item">Text</a></th><th style="vertical-align: top; text-align : left; background-color: white; border: 1px #F0F0F0 solid; padding:0px 4px 0px 4px" class="hierarchy"><a href="http://hl7.org/fhir/R4/formats.html#table" title="Minimum and Maximum # of times the the itemcan appear in the instance">Cardinality</a></th><th style="vertical-align: top; text-align : left; background-color: white; border: 1px #F0F0F0 solid; padding:0px 4px 0px 4px" class="hierarchy"><a href="http://hl7.org/fhir/R4/formats.html#table" title="The type of the item">Type</a></th><th style="vertical-align: top; text-align : left; background-color: white; border: 1px #F0F0F0 solid; padding:0px 4px 0px 4px" class="hierarchy"><a href="http://hl7.org/fhir/R4/formats.html#table" title="Additional information about the item">Description &amp; Constraints</a><span style="float: right"><a href="http://hl7.org/fhir/R4/formats.html#table" title="Legend for this format"><img src="http://hl7.org/fhir/R4/help16.png" alt="doco" style="background-color: inherit"/></a></span></th></tr><tr style="border: 1px #F0F0F0 solid; padding:0px; vertical-align: top; background-color: white"><td style="vertical-align: top; text-align : left; background-color: white; border: 1px #F0F0F0 solid; padding:0px 4px 0px 4px; white-space: nowrap; background-image: url(tbl_bck1.png)" class="hierarchy"><img src="tbl_spacer.png" alt="." style="background-color: inherit" class="hierarchy"/><img src="icon_q_root.gif" alt="." style="background-color: white; background-color: inherit" title="QuestionnaireRoot" class="hierarchy"/> AllergyIntoleranceQuestionnaire</td><td style="vertical-align: top; text-align : left; background-color: white; border: 1px #F0F0F0 solid; padding:0px 4px 0px 4px" class="hierarchy"/><td style="vertical-align: top; text-align : left; background-color: white; border: 1px #F0F0F0 solid; padding:0px 4px 0px 4px" class="hierarchy"></td><td style="vertical-align: top; text-align : left; background-color: white; border: 1px #F0F0F0 solid; padding:0px 4px 0px 4px" class="hierarchy">Questionnaire</td><td style="vertical-align: top; text-align : left; background-color: white; border: 1px #F0F0F0 solid; padding:0px 4px 0px 4px" class="hierarchy">http://example.com/fhir/example/Questionnaire/allergy-intolerance-questionnaire#1.0.0</td></tr>
<tr style="border: 1px #F0F0F0 solid; padding:0px; vertical-align: top; background-color: #F7F7F7"><td id="item.patient" style="vertical-align: top; text-align : left; background-color: #F7F7F7; border: 1px #F0F0F0 solid; padding:0px 4px 0px 4px; white-space: nowrap; background-image: url(tbl_bck11.png)" class="hierarchy"><img src="tbl_spacer.png" alt="." style="background-color: inherit" class="hierarchy"/><img src="tbl_vjoin.png" alt="." style="background-color: inherit" class="hierarchy"/><img src="icon-q-group.png" alt="." style="background-color: #F7F7F7; background-color: inherit" title="Group" class="hierarchy"/> patient</td><td style="vertical-align: top; text-align : left; background-color: #F7F7F7; border: 1px #F0F0F0 solid; padding:0px 4px 0px 4px" class="hierarchy">Patient</td><td style="vertical-align: top; text-align : left; background-color: #F7F7F7; border: 1px #F0F0F0 solid; padding:0px 4px 0px 4px" class="hierarchy">1..1</td><td style="vertical-align: top; text-align : left; background-color: #F7F7F7; border: 1px #F0F0F0 solid; padding:0px 4px 0px 4px" class="hierarchy"><a href="http://hl7.org/fhir/R4/codesystem-item-type.html#item-type-group">group</a></td><td style="vertical-align: top; text-align : left; background-color: #F7F7F7; border: 1px #F0F0F0 solid; padding:0px 4px 0px 4px" class="hierarchy"/></tr>
<tr style="border: 1px #F0F0F0 solid; padding:0px; vertical-align: top; background-color: white"><td id="item.patient-name" style="vertical-align: top; text-align : left; background-color: white; border: 1px #F0F0F0 solid; padding:0px 4px 0px 4px; white-space: nowrap; background-image: url(tbl_bck110.png)" class="hierarchy"><img src="tbl_spacer.png" alt="." style="background-color: inherit" class="hierarchy"/><img src="tbl_vline.png" alt="." style="background-color: inherit" class="hierarchy"/><img src="tbl_vjoin.png" alt="." style="background-color: inherit" class="hierarchy"/><img src="icon-q-string.png" alt="." style="background-color: white; background-color: inherit" title="String" class="hierarchy"/> patient-name</td><td style="vertical-align: top; text-align : left; background-color: white; border: 1px #F0F0F0 solid; padding:0px 4px 0px 4px" class="hierarchy">Patient Name</td><td style="vertical-align: top; text-align : left; background-color: white; border: 1px #F0F0F0 solid; padding:0px 4px 0px 4px" class="hierarchy">0..1</td><td style="vertical-align: top; text-align : left; background-color: white; border: 1px #F0F0F0 solid; padding:0px 4px 0px 4px" class="hierarchy"><a href="http://hl7.org/fhir/R4/codesystem-item-type.html#item-type-string">string</a></td><td style="vertical-align: top; text-align : left; background-color: white; border: 1px #F0F0F0 solid; padding:0px 4px 0px 4px" class="hierarchy"/></tr>
<tr style="border: 1px #F0F0F0 solid; padding:0px; vertical-align: top; background-color: #F7F7F7"><td id="item.patient-id" style="vertical-align: top; text-align : left; background-color: #F7F7F7; border: 1px #F0F0F0 solid; padding:0px 4px 0px 4px; white-space: nowrap; background-image: url(tbl_bck100.png)" class="hierarchy"><img src="tbl_spacer.png" alt="." style="background-color: inherit" class="hierarchy"/><img src="tbl_vline.png" alt="." style="background-color: inherit" class="hierarchy"/><img src="tbl_vjoin_end.png" alt="." style="background-color: inherit" class="hierarchy"/><img src="icon-q-string.png" alt="." style="background-color: #F7F7F7; background-color: inherit" title="String" class="hierarchy"/> patient-id</td><td style="vertical-align: top; text-align : left; background-color: #F7F7F7; border: 1px #F0F0F0 solid; padding:0px 4px 0px 4px" class="hierarchy">Patient ID</td><td style="vertical-align: top; text-align : left; background-color: #F7F7F7; border: 1px #F0F0F0 solid; padding:0px 4px 0px 4px" class="hierarchy">0..1</td><td style="vertical-align: top; text-align : left; background-color: #F7F7F7; border: 1px #F0F0F0 solid; padding:0px 4px 0px 4px" class="hierarchy"><a href="http://hl7.org/fhir/R4/codesystem-item-type.html#item-type-string">string</a></td><td style="vertical-align: top; text-align : left; background-color: #F7F7F7; border: 1px #F0F0F0 solid; padding:0px 4px 0px 4px" class="hierarchy"/></tr>
<tr style="border: 1px #F0F0F0 solid; padding:0px; vertical-align: top; background-color: white"><td id="item.status" style="vertical-align: top; text-align : left; background-color: white; border: 1px #F0F0F0 solid; padding:0px 4px 0px 4px; white-space: nowrap; background-image: url(tbl_bck11.png)" class="hierarchy"><img src="tbl_spacer.png" alt="." style="background-color: inherit" class="hierarchy"/><img src="tbl_vjoin.png" alt="." style="background-color: inherit" class="hierarchy"/><img src="icon-q-display.png" alt="." style="background-color: white; background-color: inherit" title="Display" class="hierarchy"/> status</td><td style="vertical-align: top; text-align : left; background-color: white; border: 1px #F0F0F0 solid; padding:0px 4px 0px 4px" class="hierarchy">AllergyStatus</td><td style="vertical-align: top; text-align : left; background-color: white; border: 1px #F0F0F0 solid; padding:0px 4px 0px 4px" class="hierarchy">0..1</td><td style="vertical-align: top; text-align : left; background-color: white; border: 1px #F0F0F0 solid; padding:0px 4px 0px 4px" class="hierarchy"><a href="http://hl7.org/fhir/R4/codesystem-item-type.html#item-type-display">display</a></td><td style="vertical-align: top; text-align : left; background-color: white; border: 1px #F0F0F0 solid; padding:0px 4px 0px 4px" class="hierarchy">Options: <a href="#opt-item.status">7 options</a></td></tr>
<tr style="border: 1px #F0F0F0 solid; padding:0px; vertical-align: top; background-color: #F7F7F7"><td id="item.clinical-status" style="vertical-align: top; text-align : left; background-color: #F7F7F7; border: 1px #F0F0F0 solid; padding:0px 4px 0px 4px; white-space: nowrap; background-image: url(tbl_bck110.png)" class="hierarchy"><img src="tbl_spacer.png" alt="." style="background-color: inherit" class="hierarchy"/><img src="tbl_vline.png" alt="." style="background-color: inherit" class="hierarchy"/><img src="tbl_vjoin.png" alt="." style="background-color: inherit" class="hierarchy"/><img src="icon-q-string.png" alt="." style="background-color: #F7F7F7; background-color: inherit" title="String" class="hierarchy"/> clinical-status</td><td style="vertical-align: top; text-align : left; background-color: #F7F7F7; border: 1px #F0F0F0 solid; padding:0px 4px 0px 4px" class="hierarchy">Clinical Status</td><td style="vertical-align: top; text-align : left; background-color: #F7F7F7; border: 1px #F0F0F0 solid; padding:0px 4px 0px 4px" class="hierarchy">0..1</td><td style="vertical-align: top; text-align : left; background-color: #F7F7F7; border: 1px #F0F0F0 solid; padding:0px 4px 0px 4px" class="hierarchy"><a href="http://hl7.org/fhir/R4/codesystem-item-type.html#item-type-string">string</a></td><td style="vertical-align: top; text-align : left; background-color: #F7F7F7; border: 1px #F0F0F0 solid; padding:0px 4px 0px 4px" class="hierarchy"/></tr>
<tr style="border: 1px #F0F0F0 solid; padding:0px; vertical-align: top; background-color: white"><td id="item.verification-status" style="vertical-align: top; text-align : left; background-color: white; border: 1px #F0F0F0 solid; padding:0px 4px 0px 4px; white-space: nowrap; background-image: url(tbl_bck100.png)" class="hierarchy"><img src="tbl_spacer.png" alt="." style="background-color: inherit" class="hierarchy"/><img src="tbl_vline.png" alt="." style="background-color: inherit" class="hierarchy"/><img src="tbl_vjoin_end.png" alt="." style="background-color: inherit" class="hierarchy"/><img src="icon-q-string.png" alt="." style="background-color: white; background-color: inherit" title="String" class="hierarchy"/> verification-status</td><td style="vertical-align: top; text-align : left; background-color: white; border: 1px #F0F0F0 solid; padding:0px 4px 0px 4px" class="hierarchy">Verification Status</td><td style="vertical-align: top; text-align : left; background-color: white; border: 1px #F0F0F0 solid; padding:0px 4px 0px 4px" class="hierarchy">0..1</td><td style="vertical-align: top; text-align : left; background-color: white; border: 1px #F0F0F0 solid; padding:0px 4px 0px 4px" class="hierarchy"><a href="http://hl7.org/fhir/R4/codesystem-item-type.html#item-type-string">string</a></td><td style="vertical-align: top; text-align : left; background-color: white; border: 1px #F0F0F0 solid; padding:0px 4px 0px 4px" class="hierarchy"/></tr>
<tr style="border: 1px #F0F0F0 solid; padding:0px; vertical-align: top; background-color: #F7F7F7"><td id="item.allergyintolerance" style="vertical-align: top; text-align : left; background-color: #F7F7F7; border: 1px #F0F0F0 solid; padding:0px 4px 0px 4px; white-space: nowrap; background-image: url(tbl_bck10.png)" class="hierarchy"><img src="tbl_spacer.png" alt="." style="background-color: inherit" class="hierarchy"/><img src="tbl_vjoin.png" alt="." style="background-color: inherit" class="hierarchy"/><img src="icon-q-coding.png" alt="." style="background-color: #F7F7F7; background-color: inherit" title="Coding" class="hierarchy"/> allergyintolerance</td><td style="vertical-align: top; text-align : left; background-color: #F7F7F7; border: 1px #F0F0F0 solid; padding:0px 4px 0px 4px" class="hierarchy">Allergy or Intolerance?</td><td style="vertical-align: top; text-align : left; background-color: #F7F7F7; border: 1px #F0F0F0 solid; padding:0px 4px 0px 4px" class="hierarchy">0..1</td><td style="vertical-align: top; text-align : left; background-color: #F7F7F7; border: 1px #F0F0F0 solid; padding:0px 4px 0px 4px" class="hierarchy"><a href="http://hl7.org/fhir/R4/codesystem-item-type.html#item-type-choice">choice</a></td><td style="vertical-align: top; text-align : left; background-color: #F7F7F7; border: 1px #F0F0F0 solid; padding:0px 4px 0px 4px" class="hierarchy">Options: <a href="#opt-item.allergyintolerance">2 options</a></td></tr>
<tr style="border: 1px #F0F0F0 solid; padding:0px; vertical-align: top; background-color: white"><td id="item.type" style="vertical-align: top; text-align : left; background-color: white; border: 1px #F0F0F0 solid; padding:0px 4px 0px 4px; white-space: nowrap; background-image: url(tbl_bck10.png)" class="hierarchy"><img src="tbl_spacer.png" alt="." style="background-color: inherit" class="hierarchy"/><img src="tbl_vjoin.png" alt="." style="background-color: inherit" class="hierarchy"/><img src="icon-q-coding.png" alt="." style="background-color: white; background-color: inherit" title="Coding" class="hierarchy"/> type</td><td style="vertical-align: top; text-align : left; background-color: white; border: 1px #F0F0F0 solid; padding:0px 4px 0px 4px" class="hierarchy">Type (food, medication, environment, biologic)?</td><td style="vertical-align: top; text-align : left; background-color: white; border: 1px #F0F0F0 solid; padding:0px 4px 0px 4px" class="hierarchy">0..1</td><td style="vertical-align: top; text-align : left; background-color: white; border: 1px #F0F0F0 solid; padding:0px 4px 0px 4px" class="hierarchy"><a href="http://hl7.org/fhir/R4/codesystem-item-type.html#item-type-choice">choice</a></td><td style="vertical-align: top; text-align : left; background-color: white; border: 1px #F0F0F0 solid; padding:0px 4px 0px 4px" class="hierarchy">Options: <a href="#opt-item.type">4 options</a></td></tr>
<tr style="border: 1px #F0F0F0 solid; padding:0px; vertical-align: top; background-color: #F7F7F7"><td id="item.code" style="vertical-align: top; text-align : left; background-color: #F7F7F7; border: 1px #F0F0F0 solid; padding:0px 4px 0px 4px; white-space: nowrap; background-image: url(tbl_bck10.png)" class="hierarchy"><img src="tbl_spacer.png" alt="." style="background-color: inherit" class="hierarchy"/><img src="tbl_vjoin.png" alt="." style="background-color: inherit" class="hierarchy"/><img src="icon-q-coding.png" alt="." style="background-color: #F7F7F7; background-color: inherit" title="Coding" class="hierarchy"/> code</td><td style="vertical-align: top; text-align : left; background-color: #F7F7F7; border: 1px #F0F0F0 solid; padding:0px 4px 0px 4px" class="hierarchy">Code of the allergen or substance?</td><td style="vertical-align: top; text-align : left; background-color: #F7F7F7; border: 1px #F0F0F0 solid; padding:0px 4px 0px 4px" class="hierarchy">0..1</td><td style="vertical-align: top; text-align : left; background-color: #F7F7F7; border: 1px #F0F0F0 solid; padding:0px 4px 0px 4px" class="hierarchy"><a href="http://hl7.org/fhir/R4/codesystem-item-type.html#item-type-choice">choice</a></td><td style="vertical-align: top; text-align : left; background-color: #F7F7F7; border: 1px #F0F0F0 solid; padding:0px 4px 0px 4px" class="hierarchy">Value Set: <a href="ValueSet-be-allergyintolerancecode.html">BeAllergyIntoleranceCode</a></td></tr>
<tr style="border: 1px #F0F0F0 solid; padding:0px; vertical-align: top; background-color: white"><td id="item.recorded" style="vertical-align: top; text-align : left; background-color: white; border: 1px #F0F0F0 solid; padding:0px 4px 0px 4px; white-space: nowrap; background-image: url(tbl_bck10.png)" class="hierarchy"><img src="tbl_spacer.png" alt="." style="background-color: inherit" class="hierarchy"/><img src="tbl_vjoin.png" alt="." style="background-color: inherit" class="hierarchy"/><img src="icon-q-group.png" alt="." style="background-color: white; background-color: inherit" title="Group" class="hierarchy"/> recorded</td><td style="vertical-align: top; text-align : left; background-color: white; border: 1px #F0F0F0 solid; padding:0px 4px 0px 4px" class="hierarchy">Recorded</td><td style="vertical-align: top; text-align : left; background-color: white; border: 1px #F0F0F0 solid; padding:0px 4px 0px 4px" class="hierarchy">1..1</td><td style="vertical-align: top; text-align : left; background-color: white; border: 1px #F0F0F0 solid; padding:0px 4px 0px 4px" class="hierarchy"><a href="http://hl7.org/fhir/R4/codesystem-item-type.html#item-type-group">group</a></td><td style="vertical-align: top; text-align : left; background-color: white; border: 1px #F0F0F0 solid; padding:0px 4px 0px 4px" class="hierarchy"/></tr>
<tr style="border: 1px #F0F0F0 solid; padding:0px; vertical-align: top; background-color: #F7F7F7"><td id="item.recorded-date" style="vertical-align: top; text-align : left; background-color: #F7F7F7; border: 1px #F0F0F0 solid; padding:0px 4px 0px 4px; white-space: nowrap; background-image: url(tbl_bck10.png)" class="hierarchy"><img src="tbl_spacer.png" alt="." style="background-color: inherit" class="hierarchy"/><img src="tbl_vjoin.png" alt="." style="background-color: inherit" class="hierarchy"/><img src="icon-q-date.png" alt="." style="background-color: #F7F7F7; background-color: inherit" title="Date" class="hierarchy"/> recorded-date</td><td style="vertical-align: top; text-align : left; background-color: #F7F7F7; border: 1px #F0F0F0 solid; padding:0px 4px 0px 4px" class="hierarchy">Date of Record</td><td style="vertical-align: top; text-align : left; background-color: #F7F7F7; border: 1px #F0F0F0 solid; padding:0px 4px 0px 4px" class="hierarchy">0..1</td><td style="vertical-align: top; text-align : left; background-color: #F7F7F7; border: 1px #F0F0F0 solid; padding:0px 4px 0px 4px" class="hierarchy"><a href="http://hl7.org/fhir/R4/codesystem-item-type.html#item-type-date">date</a></td><td style="vertical-align: top; text-align : left; background-color: #F7F7F7; border: 1px #F0F0F0 solid; padding:0px 4px 0px 4px" class="hierarchy"/></tr>
<tr style="border: 1px #F0F0F0 solid; padding:0px; vertical-align: top; background-color: white"><td id="item.recorder" style="vertical-align: top; text-align : left; background-color: white; border: 1px #F0F0F0 solid; padding:0px 4px 0px 4px; white-space: nowrap; background-image: url(tbl_bck10.png)" class="hierarchy"><img src="tbl_spacer.png" alt="." style="background-color: inherit" class="hierarchy"/><img src="tbl_vjoin.png" alt="." style="background-color: inherit" class="hierarchy"/><img src="icon-q-string.png" alt="." style="background-color: white; background-color: inherit" title="String" class="hierarchy"/> recorder</td><td style="vertical-align: top; text-align : left; background-color: white; border: 1px #F0F0F0 solid; padding:0px 4px 0px 4px" class="hierarchy">Recorder</td><td style="vertical-align: top; text-align : left; background-color: white; border: 1px #F0F0F0 solid; padding:0px 4px 0px 4px" class="hierarchy">0..1</td><td style="vertical-align: top; text-align : left; background-color: white; border: 1px #F0F0F0 solid; padding:0px 4px 0px 4px" class="hierarchy"><a href="http://hl7.org/fhir/R4/codesystem-item-type.html#item-type-string">string</a></td><td style="vertical-align: top; text-align : left; background-color: white; border: 1px #F0F0F0 solid; padding:0px 4px 0px 4px" class="hierarchy"/></tr>
<tr style="border: 1px #F0F0F0 solid; padding:0px; vertical-align: top; background-color: #F7F7F7"><td id="item.asserter" style="vertical-align: top; text-align : left; background-color: #F7F7F7; border: 1px #F0F0F0 solid; padding:0px 4px 0px 4px; white-space: nowrap; background-image: url(tbl_bck10.png)" class="hierarchy"><img src="tbl_spacer.png" alt="." style="background-color: inherit" class="hierarchy"/><img src="tbl_vjoin.png" alt="." style="background-color: inherit" class="hierarchy"/><img src="icon-q-string.png" alt="." style="background-color: #F7F7F7; background-color: inherit" title="String" class="hierarchy"/> asserter</td><td style="vertical-align: top; text-align : left; background-color: #F7F7F7; border: 1px #F0F0F0 solid; padding:0px 4px 0px 4px" class="hierarchy">Asserter</td><td style="vertical-align: top; text-align : left; background-color: #F7F7F7; border: 1px #F0F0F0 solid; padding:0px 4px 0px 4px" class="hierarchy">0..1</td><td style="vertical-align: top; text-align : left; background-color: #F7F7F7; border: 1px #F0F0F0 solid; padding:0px 4px 0px 4px" class="hierarchy"><a href="http://hl7.org/fhir/R4/codesystem-item-type.html#item-type-string">string</a></td><td style="vertical-align: top; text-align : left; background-color: #F7F7F7; border: 1px #F0F0F0 solid; padding:0px 4px 0px 4px" class="hierarchy"/></tr>
<tr style="border: 1px #F0F0F0 solid; padding:0px; vertical-align: top; background-color: white"><td id="item.note" style="vertical-align: top; text-align : left; background-color: white; border: 1px #F0F0F0 solid; padding:0px 4px 0px 4px; white-space: nowrap; background-image: url(tbl_bck10.png)" class="hierarchy"><img src="tbl_spacer.png" alt="." style="background-color: inherit" class="hierarchy"/><img src="tbl_vjoin.png" alt="." style="background-color: inherit" class="hierarchy"/><img src="icon-q-text.png" alt="." style="background-color: white; background-color: inherit" title="Text" class="hierarchy"/> note</td><td style="vertical-align: top; text-align : left; background-color: white; border: 1px #F0F0F0 solid; padding:0px 4px 0px 4px" class="hierarchy">Note</td><td style="vertical-align: top; text-align : left; background-color: white; border: 1px #F0F0F0 solid; padding:0px 4px 0px 4px" class="hierarchy">1..1</td><td style="vertical-align: top; text-align : left; background-color: white; border: 1px #F0F0F0 solid; padding:0px 4px 0px 4px" class="hierarchy"><a href="http://hl7.org/fhir/R4/codesystem-item-type.html#item-type-text">text</a></td><td style="vertical-align: top; text-align : left; background-color: white; border: 1px #F0F0F0 solid; padding:0px 4px 0px 4px" class="hierarchy"/></tr>
<tr style="border: 1px #F0F0F0 solid; padding:0px; vertical-align: top; background-color: #F7F7F7"><td id="item.reactions" style="vertical-align: top; text-align : left; background-color: #F7F7F7; border: 1px #F0F0F0 solid; padding:0px 4px 0px 4px; white-space: nowrap; background-image: url(tbl_bck01.png)" class="hierarchy"><img src="tbl_spacer.png" alt="." style="background-color: inherit" class="hierarchy"/><img src="tbl_vjoin_end.png" alt="." style="background-color: inherit" class="hierarchy"/><img src="icon-q-group.png" alt="." style="background-color: #F7F7F7; background-color: inherit" title="Group" class="hierarchy"/> reactions</td><td style="vertical-align: top; text-align : left; background-color: #F7F7F7; border: 1px #F0F0F0 solid; padding:0px 4px 0px 4px" class="hierarchy">Reaction</td><td style="vertical-align: top; text-align : left; background-color: #F7F7F7; border: 1px #F0F0F0 solid; padding:0px 4px 0px 4px" class="hierarchy">1..1</td><td style="vertical-align: top; text-align : left; background-color: #F7F7F7; border: 1px #F0F0F0 solid; padding:0px 4px 0px 4px" class="hierarchy"><a href="http://hl7.org/fhir/R4/codesystem-item-type.html#item-type-group">group</a></td><td style="vertical-align: top; text-align : left; background-color: #F7F7F7; border: 1px #F0F0F0 solid; padding:0px 4px 0px 4px" class="hierarchy"/></tr>
<tr style="border: 1px #F0F0F0 solid; padding:0px; vertical-align: top; background-color: white"><td id="item.manifestation" style="vertical-align: top; text-align : left; background-color: white; border: 1px #F0F0F0 solid; padding:0px 4px 0px 4px; white-space: nowrap; background-image: url(tbl_bck010.png)" class="hierarchy"><img src="tbl_spacer.png" alt="." style="background-color: inherit" class="hierarchy"/><img src="tbl_blank.png" alt="." style="background-color: inherit" class="hierarchy"/><img src="tbl_vjoin.png" alt="." style="background-color: inherit" class="hierarchy"/><img src="icon-q-coding.png" alt="." style="background-color: white; background-color: inherit" title="Coding" class="hierarchy"/> manifestation</td><td style="vertical-align: top; text-align : left; background-color: white; border: 1px #F0F0F0 solid; padding:0px 4px 0px 4px" class="hierarchy">Manifestation</td><td style="vertical-align: top; text-align : left; background-color: white; border: 1px #F0F0F0 solid; padding:0px 4px 0px 4px" class="hierarchy">0..1</td><td style="vertical-align: top; text-align : left; background-color: white; border: 1px #F0F0F0 solid; padding:0px 4px 0px 4px" class="hierarchy"><a href="http://hl7.org/fhir/R4/codesystem-item-type.html#item-type-choice">choice</a></td><td style="vertical-align: top; text-align : left; background-color: white; border: 1px #F0F0F0 solid; padding:0px 4px 0px 4px" class="hierarchy">Value Set: https://www.ehealth.fgov.be/standards/fhir/ValueSet/be-riskmanifestation</td></tr>
<tr style="border: 1px #F0F0F0 solid; padding:0px; vertical-align: top; background-color: #F7F7F7"><td id="item.exposure-route" style="vertical-align: top; text-align : left; background-color: #F7F7F7; border: 1px #F0F0F0 solid; padding:0px 4px 0px 4px; white-space: nowrap; background-image: url(tbl_bck010.png)" class="hierarchy"><img src="tbl_spacer.png" alt="." style="background-color: inherit" class="hierarchy"/><img src="tbl_blank.png" alt="." style="background-color: inherit" class="hierarchy"/><img src="tbl_vjoin.png" alt="." style="background-color: inherit" class="hierarchy"/><img src="icon-q-coding.png" alt="." style="background-color: #F7F7F7; background-color: inherit" title="Coding" class="hierarchy"/> exposure-route</td><td style="vertical-align: top; text-align : left; background-color: #F7F7F7; border: 1px #F0F0F0 solid; padding:0px 4px 0px 4px" class="hierarchy">Exposure Route</td><td style="vertical-align: top; text-align : left; background-color: #F7F7F7; border: 1px #F0F0F0 solid; padding:0px 4px 0px 4px" class="hierarchy">0..1</td><td style="vertical-align: top; text-align : left; background-color: #F7F7F7; border: 1px #F0F0F0 solid; padding:0px 4px 0px 4px" class="hierarchy"><a href="http://hl7.org/fhir/R4/codesystem-item-type.html#item-type-choice">choice</a></td><td style="vertical-align: top; text-align : left; background-color: #F7F7F7; border: 1px #F0F0F0 solid; padding:0px 4px 0px 4px" class="hierarchy">Value Set: https://www.ehealth.fgov.be/standards/fhir/ValueSet/be-exposureroute</td></tr>
<tr style="border: 1px #F0F0F0 solid; padding:0px; vertical-align: top; background-color: white"><td id="item.note" style="vertical-align: top; text-align : left; background-color: white; border: 1px #F0F0F0 solid; padding:0px 4px 0px 4px; white-space: nowrap; background-image: url(tbl_bck000.png)" class="hierarchy"><img src="tbl_spacer.png" alt="." style="background-color: inherit" class="hierarchy"/><img src="tbl_blank.png" alt="." style="background-color: inherit" class="hierarchy"/><img src="tbl_vjoin_end.png" alt="." style="background-color: inherit" class="hierarchy"/><img src="icon-q-coding.png" alt="." style="background-color: white; background-color: inherit" title="Coding" class="hierarchy"/> note</td><td style="vertical-align: top; text-align : left; background-color: white; border: 1px #F0F0F0 solid; padding:0px 4px 0px 4px" class="hierarchy">Note</td><td style="vertical-align: top; text-align : left; background-color: white; border: 1px #F0F0F0 solid; padding:0px 4px 0px 4px" class="hierarchy">0..1</td><td style="vertical-align: top; text-align : left; background-color: white; border: 1px #F0F0F0 solid; padding:0px 4px 0px 4px" class="hierarchy"><a href="http://hl7.org/fhir/R4/codesystem-item-type.html#item-type-choice">choice</a></td><td style="vertical-align: top; text-align : left; background-color: white; border: 1px #F0F0F0 solid; padding:0px 4px 0px 4px" class="hierarchy"/></tr>
<tr><td colspan="5" class="hierarchy"><br/><a href="http://hl7.org/fhir/R4/formats.html#table" title="Legend for this format"><img src="http://hl7.org/fhir/R4/help16.png" alt="doco" style="background-color: inherit"/> Documentation for this format</a></td></tr></table><hr/><p><b>Option Sets</b></p><a name="opt-item.status"> </a><p><b>Answer options for status</b></p><ul><li style="font-size: 11px">null#active (&quot;Active&quot;)</li><li style="font-size: 11px">null#inactive (&quot;Inactive&quot;)</li><li style="font-size: 11px">null#resolved (&quot;Resolved&quot;)</li><li style="font-size: 11px">null#unconfirmed (&quot;Unconfirmed&quot;)</li><li style="font-size: 11px">null#confirmed (&quot;Confirmed&quot;)</li><li style="font-size: 11px">null#refuted (&quot;Refuted&quot;)</li><li style="font-size: 11px">null#entered-in-error (&quot;entered-in-error&quot;)</li></ul><a name="opt-item.allergyintolerance"> </a><p><b>Answer options for allergyintolerance</b></p><ul><li style="font-size: 11px">null#allergy (&quot;Allergy&quot;)</li><li style="font-size: 11px">null#intolerance (&quot;Intolerance&quot;)</li></ul><a name="opt-item.type"> </a><p><b>Answer options for type</b></p><ul><li style="font-size: 11px">null#food (&quot;Food allergy&quot;)</li><li style="font-size: 11px">null#medication (&quot;Medication allergy or intolerance&quot;)</li><li style="font-size: 11px">null#environment (&quot;Environmental allergy or intolerance&quot;)</li><li style="font-size: 11px">null#biologic (&quot;Biologic allergy or intolerance&quot;)</li></ul></div></text><url value="http://example.com/fhir/example/Questionnaire/allergy-intolerance-questionnaire"/><version value="1.0.0"/><name value="AllergyIntoleranceQuestionnaire"/><title value="Allergy / Intolerance reporting Questionnaire"><extension url="http://hl7.org/fhir/StructureDefinition/translation"><extension url="lang"><valueCode value="fr-BE"/></extension><extension url="content"><valueString value="Déclaration d'allergies"/></extension></extension><extension url="http://hl7.org/fhir/StructureDefinition/translation"><extension url="lang"><valueCode value="nl-BE"/></extension><extension url="content"/></extension></title><status value="draft"/><subjectType value="Patient"/><date value="2022-09-18T18:16:06+00:00"/><publisher value="My Organization"/><contact><name value="My Organization"/><telecom><system value="url"/><value value="http://example.com/committees"/></telecom><telecom><system value="email"/><value value="my-group@example.com"/></telecom></contact><contact><name value="Bob Smith"/><telecom><system value="email"/><value value="bobsmith@example.com"/><use value="work"/></telecom></contact><jurisdiction><coding><system value="http://unstats.un.org/unsd/methods/m49/m49.htm"/><code value="001"/><display value="World"/></coding></jurisdiction><item><linkId value="patient"/><text value="Patient"><extension url="http://hl7.org/fhir/StructureDefinition/translation"><extension url="lang"><valueCode value="fr-BE"/></extension><extension url="content"><valueString value="Patient"/></extension></extension><extension url="http://hl7.org/fhir/StructureDefinition/translation"><extension url="lang"><valueCode value="nl-BE"/></extension><extension url="content"><valueString value="Patient"/></extension></extension></text><type value="group"/><required value="true"/><repeats value="false"/><item><linkId value="patient-name"/><text value="Patient Name"><extension url="http://hl7.org/fhir/StructureDefinition/translation"><extension url="lang"><valueCode value="fr-BE"/></extension><extension url="content"><valueString value="Nom du patient"/></extension></extension><extension url="http://hl7.org/fhir/StructureDefinition/translation"><extension url="lang"><valueCode value="nl-BE"/></extension><extension url="content"><valueString value="."/></extension></extension></text><type value="string"/><required value="false"/><repeats value="false"/></item><item><linkId value="patient-id"/><text value="Patient ID"><extension url="http://hl7.org/fhir/StructureDefinition/translation"><extension url="lang"><valueCode value="fr-BE"/></extension><extension url="content"><valueString value="ID du patient"/></extension></extension><extension url="http://hl7.org/fhir/StructureDefinition/translation"><extension url="lang"><valueCode value="nl-BE"/></extension><extension url="content"><valueString value="Patiënt ID"/></extension></extension></text><type value="string"/><required value="false"/><repeats value="false"/></item></item><item><linkId value="status"/><text value="AllergyStatus"/><type value="display"/><required value="false"/><repeats value="false"/><answerOption><valueCoding><code value="active"/><display value="Active"><extension url="http://hl7.org/fhir/StructureDefinition/translation"><extension url="lang"><valueCode value="fr-BE"/></extension><extension url="content"><valueString value="Active"/></extension></extension><extension url="http://hl7.org/fhir/StructureDefinition/translation"><extension url="lang"><valueCode value="nl-BE"/></extension><extension url="content"><valueString value="."/></extension></extension></display></valueCoding></answerOption><answerOption><valueCoding><code value="inactive"/><display value="Inactive"><extension url="http://hl7.org/fhir/StructureDefinition/translation"><extension url="lang"><valueCode value="fr-BE"/></extension><extension url="content"><valueString value="Inactive"/></extension></extension><extension url="http://hl7.org/fhir/StructureDefinition/translation"><extension url="lang"><valueCode value="nl-BE"/></extension><extension url="content"><valueString value="."/></extension></extension></display></valueCoding></answerOption><answerOption><valueCoding><code value="resolved"/><display value="Resolved"><extension url="http://hl7.org/fhir/StructureDefinition/translation"><extension url="lang"><valueCode value="fr-BE"/></extension><extension url="content"><valueString value="Résolue"/></extension></extension><extension url="http://hl7.org/fhir/StructureDefinition/translation"><extension url="lang"><valueCode value="nl-BE"/></extension><extension url="content"><valueString value="."/></extension></extension></display></valueCoding></answerOption><answerOption><valueCoding><code value="unconfirmed"/><display value="Unconfirmed"><extension url="http://hl7.org/fhir/StructureDefinition/translation"><extension url="lang"><valueCode value="fr-BE"/></extension><extension url="content"><valueString value="Non confirmée"/></extension></extension><extension url="http://hl7.org/fhir/StructureDefinition/translation"><extension url="lang"><valueCode value="nl-BE"/></extension><extension url="content"><valueString value="."/></extension></extension></display></valueCoding></answerOption><answerOption><valueCoding><code value="confirmed"/><display value="Confirmed"><extension url="http://hl7.org/fhir/StructureDefinition/translation"><extension url="lang"><valueCode value="fr-BE"/></extension><extension url="content"><valueString value="Confirmée"/></extension></extension><extension url="http://hl7.org/fhir/StructureDefinition/translation"><extension url="lang"><valueCode value="nl-BE"/></extension><extension url="content"><valueString value="."/></extension></extension></display></valueCoding></answerOption><answerOption><valueCoding><code value="refuted"/><display value="Refuted"><extension url="http://hl7.org/fhir/StructureDefinition/translation"><extension url="lang"><valueCode value="fr-BE"/></extension><extension url="content"><valueString value="Refutée"/></extension></extension><extension url="http://hl7.org/fhir/StructureDefinition/translation"><extension url="lang"><valueCode value="nl-BE"/></extension><extension url="content"><valueString value="."/></extension></extension></display></valueCoding></answerOption><answerOption><valueCoding><code value="entered-in-error"/><display value="entered-in-error"><extension url="http://hl7.org/fhir/StructureDefinition/translation"><extension url="lang"><valueCode value="fr-BE"/></extension><extension url="content"><valueString value="Erreur de saisie"/></extension></extension><extension url="http://hl7.org/fhir/StructureDefinition/translation"><extension url="lang"><valueCode value="nl-BE"/></extension><extension url="content"><valueString value="."/></extension></extension></display></valueCoding></answerOption><item><linkId value="clinical-status"/><text value="Clinical Status"><extension url="http://hl7.org/fhir/StructureDefinition/translation"><extension url="lang"><valueCode value="fr-BE"/></extension><extension url="content"><valueString value="Status clinique"/></extension></extension><extension url="http://hl7.org/fhir/StructureDefinition/translation"><extension url="lang"><valueCode value="nl-BE"/></extension><extension url="content"><valueString value="."/></extension></extension></text><type value="string"/><required value="false"/><repeats value="false"/></item><item><linkId value="verification-status"/><text value="Verification Status"><extension url="http://hl7.org/fhir/StructureDefinition/translation"><extension url="lang"><valueCode value="fr-BE"/></extension><extension url="content"><valueString value="État de vérification"/></extension></extension><extension url="http://hl7.org/fhir/StructureDefinition/translation"><extension url="lang"><valueCode value="nl-BE"/></extension><extension url="content"><valueString value="."/></extension></extension></text><type value="string"/><required value="false"/><repeats value="false"/></item></item><item><extension url="http://hl7.org/fhir/StructureDefinition/questionnaire-itemControl"><valueCodeableConcept><coding><system value="http://hl7.org/fhir/questionnaire-item-control"/><code value="radio-button"/></coding></valueCodeableConcept></extension><linkId value="allergyintolerance"/><text value="Allergy or Intolerance?"><extension url="http://hl7.org/fhir/StructureDefinition/translation"><extension url="lang"><valueCode value="fr-BE"/></extension><extension url="content"><valueString value="Allergie ou Intolérance"/></extension></extension><extension url="http://hl7.org/fhir/StructureDefinition/translation"><extension url="lang"><valueCode value="nl-BE"/></extension><extension url="content"><valueString value="."/></extension></extension></text><type value="choice"/><required value="false"/><repeats value="false"/><answerOption><valueCoding><code value="allergy"/><display value="Allergy"><extension url="http://hl7.org/fhir/StructureDefinition/translation"><extension url="lang"><valueCode value="fr-BE"/></extension><extension url="content"><valueString value="Allergie"/></extension></extension><extension url="http://hl7.org/fhir/StructureDefinition/translation"><extension url="lang"><valueCode value="nl-BE"/></extension><extension url="content"><valueString value="."/></extension></extension></display></valueCoding></answerOption><answerOption><valueCoding><code value="intolerance"/><display value="Intolerance"><extension url="http://hl7.org/fhir/StructureDefinition/translation"><extension url="lang"><valueCode value="fr-BE"/></extension><extension url="content"><valueString value="Intolérance"/></extension></extension><extension url="http://hl7.org/fhir/StructureDefinition/translation"><extension url="lang"><valueCode value="nl-BE"/></extension><extension url="content"><valueString value="."/></extension></extension></display></valueCoding></answerOption></item><item><linkId value="type"/><text value="Type (food, medication, environment, biologic)?"><extension url="http://hl7.org/fhir/StructureDefinition/translation"><extension url="lang"><valueCode value="fr-BE"/></extension><extension url="content"><valueString value="Médicament"/></extension></extension><extension url="http://hl7.org/fhir/StructureDefinition/translation"><extension url="lang"><valueCode value="nl-BE"/></extension><extension url="content"><valueString value="."/></extension></extension></text><type value="choice"/><required value="false"/><repeats value="false"/><answerOption><valueCoding><code value="food"/><display value="Food allergy"><extension url="http://hl7.org/fhir/StructureDefinition/translation"><extension url="lang"><valueCode value="fr-BE"/></extension><extension url="content"><valueString value="Allergie alimentaire"/></extension></extension><extension url="http://hl7.org/fhir/StructureDefinition/translation"><extension url="lang"><valueCode value="nl-BE"/></extension><extension url="content"><valueString value="."/></extension></extension></display></valueCoding></answerOption><answerOption><valueCoding><code value="medication"/><display value="Medication allergy or intolerance"><extension url="http://hl7.org/fhir/StructureDefinition/translation"><extension url="lang"><valueCode value="fr-BE"/></extension><extension url="content"><valueString value="Allergie médicamenteuse"/></extension></extension><extension url="http://hl7.org/fhir/StructureDefinition/translation"><extension url="lang"><valueCode value="nl-BE"/></extension><extension url="content"><valueString value="."/></extension></extension></display></valueCoding></answerOption><answerOption><valueCoding><code value="environment"/><display value="Environmental allergy or intolerance"><extension url="http://hl7.org/fhir/StructureDefinition/translation"><extension url="lang"><valueCode value="fr-BE"/></extension><extension url="content"><valueString value="Allergie environmentale"/></extension></extension><extension url="http://hl7.org/fhir/StructureDefinition/translation"><extension url="lang"><valueCode value="nl-BE"/></extension><extension url="content"><valueString value="."/></extension></extension></display></valueCoding></answerOption><answerOption><valueCoding><code value="biologic"/><display value="Biologic allergy or intolerance"><extension url="http://hl7.org/fhir/StructureDefinition/translation"><extension url="lang"><valueCode value="fr-BE"/></extension><extension url="content"><valueString value="Allergie ou intolérance biologique"/></extension></extension><extension url="http://hl7.org/fhir/StructureDefinition/translation"><extension url="lang"><valueCode value="nl-BE"/></extension><extension url="content"><valueString value="."/></extension></extension></display></valueCoding></answerOption></item><item><linkId value="code"/><text value="Code of the allergen or substance?"/><type value="choice"/><required value="false"/><repeats value="false"/><answerValueSet value="http://example.com/fhir/example/ValueSet/be-allergyintolerancecode"/></item><item><linkId value="recorded"/><text value="Recorded"><extension url="http://hl7.org/fhir/StructureDefinition/translation"><extension url="lang"><valueCode value="fr-BE"/></extension><extension url="content"><valueString value="Saisie"/></extension></extension><extension url="http://hl7.org/fhir/StructureDefinition/translation"><extension url="lang"><valueCode value="nl-BE"/></extension><extension url="content"><valueString value="."/></extension></extension></text><type value="group"/><required value="true"/><repeats value="false"/></item><item><linkId value="recorded-date"/><text value="Date of Record"><extension url="http://hl7.org/fhir/StructureDefinition/translation"><extension url="lang"><valueCode value="fr-BE"/></extension><extension url="content"><valueString value="Date de saisie"/></extension></extension><extension url="http://hl7.org/fhir/StructureDefinition/translation"><extension url="lang"><valueCode value="nl-BE"/></extension><extension url="content"><valueString value="."/></extension></extension></text><type value="date"/><required value="false"/><repeats value="false"/></item><item><linkId value="recorder"/><text value="Recorder"><extension url="http://hl7.org/fhir/StructureDefinition/translation"><extension url="lang"><valueCode value="fr-BE"/></extension><extension url="content"><valueString value="Enregistreur"/></extension></extension><extension url="http://hl7.org/fhir/StructureDefinition/translation"><extension url="lang"><valueCode value="nl-BE"/></extension><extension url="content"><valueString value="."/></extension></extension></text><type value="string"/><required value="false"/><repeats value="false"/></item><item><linkId value="asserter"/><text value="Asserter"><extension url="http://hl7.org/fhir/StructureDefinition/translation"><extension url="lang"><valueCode value="fr-BE"/></extension><extension url="content"><valueString value="Rapporteur"/></extension></extension><extension url="http://hl7.org/fhir/StructureDefinition/translation"><extension url="lang"><valueCode value="nl-BE"/></extension><extension url="content"><valueString value="."/></extension></extension></text><type value="string"/><required value="false"/><repeats value="false"/></item><item><linkId value="note"/><text value="Note"><extension url="http://hl7.org/fhir/StructureDefinition/translation"><extension url="lang"><valueCode value="fr-BE"/></extension><extension url="content"><valueString value="Note"/></extension></extension><extension url="http://hl7.org/fhir/StructureDefinition/translation"><extension url="lang"><valueCode value="nl-BE"/></extension><extension url="content"><valueString value="."/></extension></extension></text><type value="text"/><required value="true"/><repeats value="false"/></item><item><linkId value="reactions"/><text value="Reaction"><extension url="http://hl7.org/fhir/StructureDefinition/translation"><extension url="lang"><valueCode value="fr-BE"/></extension><extension url="content"><valueString value="Réaction"/></extension></extension><extension url="http://hl7.org/fhir/StructureDefinition/translation"><extension url="lang"><valueCode value="nl-BE"/></extension><extension url="content"><valueString value="."/></extension></extension></text><type value="group"/><required value="true"/><repeats value="false"/><item><linkId value="manifestation"/><text value="Manifestation"><extension url="http://hl7.org/fhir/StructureDefinition/translation"><extension url="lang"><valueCode value="fr-BE"/></extension><extension url="content"><valueString value="Maniféstation"/></extension></extension><extension url="http://hl7.org/fhir/StructureDefinition/translation"><extension url="lang"><valueCode value="nl-BE"/></extension><extension url="content"><valueString value="."/></extension></extension></text><type value="choice"/><required value="false"/><repeats value="false"/><answerValueSet value="https://www.ehealth.fgov.be/standards/fhir/ValueSet/be-riskmanifestation"/></item><item><linkId value="exposure-route"/><text value="Exposure Route"><extension url="http://hl7.org/fhir/StructureDefinition/translation"><extension url="lang"><valueCode value="fr-BE"/></extension><extension url="content"><valueString value="Route d'éxposition"/></extension></extension><extension url="http://hl7.org/fhir/StructureDefinition/translation"><extension url="lang"><valueCode value="nl-BE"/></extension><extension url="content"><valueString value="."/></extension></extension></text><type value="choice"/><required value="false"/><repeats value="false"/><answerValueSet value="https://www.ehealth.fgov.be/standards/fhir/ValueSet/be-exposureroute"/></item><item><linkId value="note"/><text value="Note"><extension url="http://hl7.org/fhir/StructureDefinition/translation"><extension url="lang"><valueCode value="fr-BE"/></extension><extension url="content"><valueString value="Note"/></extension></extension><extension url="http://hl7.org/fhir/StructureDefinition/translation"><extension url="lang"><valueCode value="nl-BE"/></extension><extension url="content"><valueString value="."/></extension></extension></text><type value="choice"/><required value="false"/><repeats value="false"/></item></item></Questionnaire>