<?xml version="1.0" encoding="UTF-8"?><Questionnaire xmlns="http://hl7.org/fhir"><id value="questionnaire-ee"/><text><status value="generated"/><div xmlns="http://www.w3.org/1999/xhtml"><b>Structure</b><table border="1" cellpadding="0" cellspacing="0" style="border: 1px #F0F0F0 solid; font-size: 11px; font-family: verdana; vertical-align: top;"><tr style="border: 2px #F0F0F0 solid; font-size: 11px; font-family: verdana; vertical-align: top"><th style="vertical-align: top; text-align : left; background-color: white; border: 1px #F0F0F0 solid; padding:0px 4px 0px 4px" class="hierarchy"><a href="http://hl7.org/fhir/R4/formats.html#table" title="The linkId for the item">LinkId</a></th><th style="vertical-align: top; text-align : left; background-color: white; border: 1px #F0F0F0 solid; padding:0px 4px 0px 4px" class="hierarchy"><a href="http://hl7.org/fhir/R4/formats.html#table" title="Text for the item">Text</a></th><th style="vertical-align: top; text-align : left; background-color: white; border: 1px #F0F0F0 solid; padding:0px 4px 0px 4px" class="hierarchy"><a href="http://hl7.org/fhir/R4/formats.html#table" title="Minimum and Maximum # of times the the itemcan appear in the instance">Cardinality</a></th><th style="vertical-align: top; text-align : left; background-color: white; border: 1px #F0F0F0 solid; padding:0px 4px 0px 4px" class="hierarchy"><a href="http://hl7.org/fhir/R4/formats.html#table" title="The type of the item">Type</a></th><th style="vertical-align: top; text-align : left; background-color: white; border: 1px #F0F0F0 solid; padding:0px 4px 0px 4px" class="hierarchy"><a href="http://hl7.org/fhir/R4/formats.html#table" title="Additional information about the item">Description &amp; Constraints</a><span style="float: right"><a href="http://hl7.org/fhir/R4/formats.html#table" title="Legend for this format"><img src="http://hl7.org/fhir/R4/help16.png" alt="doco" style="background-color: inherit"/></a></span></th></tr><tr style="border: 1px #F0F0F0 solid; padding:0px; vertical-align: top; background-color: white"><td style="vertical-align: top; text-align : left; background-color: white; border: 1px #F0F0F0 solid; padding:0px 4px 0px 4px; white-space: nowrap; background-image: url(tbl_bck1.png)" class="hierarchy"><img src="tbl_spacer.png" alt="." style="background-color: inherit" class="hierarchy"/><img src="icon_q_root.gif" alt="." style="background-color: white; background-color: inherit" title="QuestionnaireRoot" class="hierarchy"/> questionnaire-ee</td><td style="vertical-align: top; text-align : left; background-color: white; border: 1px #F0F0F0 solid; padding:0px 4px 0px 4px" class="hierarchy"/><td style="vertical-align: top; text-align : left; background-color: white; border: 1px #F0F0F0 solid; padding:0px 4px 0px 4px" class="hierarchy"></td><td style="vertical-align: top; text-align : left; background-color: white; border: 1px #F0F0F0 solid; padding:0px 4px 0px 4px" class="hierarchy">Questionnaire</td><td style="vertical-align: top; text-align : left; background-color: white; border: 1px #F0F0F0 solid; padding:0px 4px 0px 4px" class="hierarchy">http://example.com/fhir/example/Questionnaire/questionnaire-ee#1.0.0</td></tr>
<tr style="border: 1px #F0F0F0 solid; padding:0px; vertical-align: top; background-color: #F7F7F7"><td id="item.MedicinalProduct" style="vertical-align: top; text-align : left; background-color: #F7F7F7; border: 1px #F0F0F0 solid; padding:0px 4px 0px 4px; white-space: nowrap; background-image: url(tbl_bck01.png)" class="hierarchy"><img src="tbl_spacer.png" alt="." style="background-color: inherit" class="hierarchy"/><img src="tbl_vjoin_end.png" alt="." style="background-color: inherit" class="hierarchy"/><img src="icon-q-group.png" alt="." style="background-color: #F7F7F7; background-color: inherit" title="Group" class="hierarchy"/> MedicinalProduct</td><td style="vertical-align: top; text-align : left; background-color: #F7F7F7; border: 1px #F0F0F0 solid; padding:0px 4px 0px 4px" class="hierarchy">Product</td><td style="vertical-align: top; text-align : left; background-color: #F7F7F7; border: 1px #F0F0F0 solid; padding:0px 4px 0px 4px" class="hierarchy">0..*</td><td style="vertical-align: top; text-align : left; background-color: #F7F7F7; border: 1px #F0F0F0 solid; padding:0px 4px 0px 4px" class="hierarchy"><a href="http://hl7.org/fhir/R4/codesystem-item-type.html#item-type-group">group</a></td><td style="vertical-align: top; text-align : left; background-color: #F7F7F7; border: 1px #F0F0F0 solid; padding:0px 4px 0px 4px" class="hierarchy"/></tr>
<tr style="border: 1px #F0F0F0 solid; padding:0px; vertical-align: top; background-color: white"><td id="item.identifier" style="vertical-align: top; text-align : left; background-color: white; border: 1px #F0F0F0 solid; padding:0px 4px 0px 4px; white-space: nowrap; background-image: url(tbl_bck011.png)" class="hierarchy"><img src="tbl_spacer.png" alt="." style="background-color: inherit" class="hierarchy"/><img src="tbl_blank.png" alt="." style="background-color: inherit" class="hierarchy"/><img src="tbl_vjoin.png" alt="." style="background-color: inherit" class="hierarchy"/><img src="icon-q-group.png" alt="." style="background-color: white; background-color: inherit" title="Group" class="hierarchy"/> identifier</td><td style="vertical-align: top; text-align : left; background-color: white; border: 1px #F0F0F0 solid; padding:0px 4px 0px 4px" class="hierarchy">Identifier</td><td style="vertical-align: top; text-align : left; background-color: white; border: 1px #F0F0F0 solid; padding:0px 4px 0px 4px" class="hierarchy">0..*</td><td style="vertical-align: top; text-align : left; background-color: white; border: 1px #F0F0F0 solid; padding:0px 4px 0px 4px" class="hierarchy"><a href="http://hl7.org/fhir/R4/codesystem-item-type.html#item-type-group">group</a></td><td style="vertical-align: top; text-align : left; background-color: white; border: 1px #F0F0F0 solid; padding:0px 4px 0px 4px" class="hierarchy"/></tr>
<tr style="border: 1px #F0F0F0 solid; padding:0px; vertical-align: top; background-color: #F7F7F7"><td id="item.identifier_system" style="vertical-align: top; text-align : left; background-color: #F7F7F7; border: 1px #F0F0F0 solid; padding:0px 4px 0px 4px; white-space: nowrap; background-image: url(tbl_bck0110.png)" class="hierarchy"><img src="tbl_spacer.png" alt="." style="background-color: inherit" class="hierarchy"/><img src="tbl_blank.png" alt="." style="background-color: inherit" class="hierarchy"/><img src="tbl_vline.png" alt="." style="background-color: inherit" class="hierarchy"/><img src="tbl_vjoin.png" alt="." style="background-color: inherit" class="hierarchy"/><img src="icon-q-string.png" alt="." style="background-color: #F7F7F7; background-color: inherit" title="String" class="hierarchy"/> identifier_system</td><td style="vertical-align: top; text-align : left; background-color: #F7F7F7; border: 1px #F0F0F0 solid; padding:0px 4px 0px 4px" class="hierarchy">System</td><td style="vertical-align: top; text-align : left; background-color: #F7F7F7; border: 1px #F0F0F0 solid; padding:0px 4px 0px 4px" class="hierarchy">1..1</td><td style="vertical-align: top; text-align : left; background-color: #F7F7F7; border: 1px #F0F0F0 solid; padding:0px 4px 0px 4px" class="hierarchy"><a href="http://hl7.org/fhir/R4/codesystem-item-type.html#item-type-string">string</a></td><td style="vertical-align: top; text-align : left; background-color: #F7F7F7; border: 1px #F0F0F0 solid; padding:0px 4px 0px 4px" class="hierarchy"/></tr>
<tr style="border: 1px #F0F0F0 solid; padding:0px; vertical-align: top; background-color: white"><td id="item.identifier_value" style="vertical-align: top; text-align : left; background-color: white; border: 1px #F0F0F0 solid; padding:0px 4px 0px 4px; white-space: nowrap; background-image: url(tbl_bck0100.png)" class="hierarchy"><img src="tbl_spacer.png" alt="." style="background-color: inherit" class="hierarchy"/><img src="tbl_blank.png" alt="." style="background-color: inherit" class="hierarchy"/><img src="tbl_vline.png" alt="." style="background-color: inherit" class="hierarchy"/><img src="tbl_vjoin_end.png" alt="." style="background-color: inherit" class="hierarchy"/><img src="icon-q-string.png" alt="." style="background-color: white; background-color: inherit" title="String" class="hierarchy"/> identifier_value</td><td style="vertical-align: top; text-align : left; background-color: white; border: 1px #F0F0F0 solid; padding:0px 4px 0px 4px" class="hierarchy">Value</td><td style="vertical-align: top; text-align : left; background-color: white; border: 1px #F0F0F0 solid; padding:0px 4px 0px 4px" class="hierarchy">1..1</td><td style="vertical-align: top; text-align : left; background-color: white; border: 1px #F0F0F0 solid; padding:0px 4px 0px 4px" class="hierarchy"><a href="http://hl7.org/fhir/R4/codesystem-item-type.html#item-type-string">string</a></td><td style="vertical-align: top; text-align : left; background-color: white; border: 1px #F0F0F0 solid; padding:0px 4px 0px 4px" class="hierarchy"/></tr>
<tr style="border: 1px #F0F0F0 solid; padding:0px; vertical-align: top; background-color: #F7F7F7"><td id="item.color" style="vertical-align: top; text-align : left; background-color: #F7F7F7; border: 1px #F0F0F0 solid; padding:0px 4px 0px 4px; white-space: nowrap; background-image: url(tbl_bck010.png)" class="hierarchy"><img src="tbl_spacer.png" alt="." style="background-color: inherit" class="hierarchy"/><img src="tbl_blank.png" alt="." style="background-color: inherit" class="hierarchy"/><img src="tbl_vjoin.png" alt="." style="background-color: inherit" class="hierarchy"/><img src="icon-q-coding.png" alt="." style="background-color: #F7F7F7; background-color: inherit" title="Coding" class="hierarchy"/> color</td><td style="vertical-align: top; text-align : left; background-color: #F7F7F7; border: 1px #F0F0F0 solid; padding:0px 4px 0px 4px" class="hierarchy">Color</td><td style="vertical-align: top; text-align : left; background-color: #F7F7F7; border: 1px #F0F0F0 solid; padding:0px 4px 0px 4px" class="hierarchy">1..1</td><td style="vertical-align: top; text-align : left; background-color: #F7F7F7; border: 1px #F0F0F0 solid; padding:0px 4px 0px 4px" class="hierarchy"><a href="http://hl7.org/fhir/R4/codesystem-item-type.html#item-type-choice">choice</a></td><td style="vertical-align: top; text-align : left; background-color: #F7F7F7; border: 1px #F0F0F0 solid; padding:0px 4px 0px 4px" class="hierarchy">Options: <a href="#opt-item.color">3 options</a></td></tr>
<tr style="border: 1px #F0F0F0 solid; padding:0px; vertical-align: top; background-color: white"><td id="item.size" style="vertical-align: top; text-align : left; background-color: white; border: 1px #F0F0F0 solid; padding:0px 4px 0px 4px; white-space: nowrap; background-image: url(tbl_bck000.png)" class="hierarchy"><img src="tbl_spacer.png" alt="." style="background-color: inherit" class="hierarchy"/><img src="tbl_blank.png" alt="." style="background-color: inherit" class="hierarchy"/><img src="tbl_vjoin_end.png" alt="." style="background-color: inherit" class="hierarchy"/><img src="icon-q-coding.png" alt="." style="background-color: white; background-color: inherit" title="Coding" class="hierarchy"/> size</td><td style="vertical-align: top; text-align : left; background-color: white; border: 1px #F0F0F0 solid; padding:0px 4px 0px 4px" class="hierarchy">Size</td><td style="vertical-align: top; text-align : left; background-color: white; border: 1px #F0F0F0 solid; padding:0px 4px 0px 4px" class="hierarchy">1..1</td><td style="vertical-align: top; text-align : left; background-color: white; border: 1px #F0F0F0 solid; padding:0px 4px 0px 4px" class="hierarchy"><a href="http://hl7.org/fhir/R4/codesystem-item-type.html#item-type-choice">choice</a></td><td style="vertical-align: top; text-align : left; background-color: white; border: 1px #F0F0F0 solid; padding:0px 4px 0px 4px" class="hierarchy">Value Set: <a href="ValueSet-vs-product-size.html">Product-size</a></td></tr>
<tr><td colspan="5" class="hierarchy"><br/><a href="http://hl7.org/fhir/R4/formats.html#table" title="Legend for this format"><img src="http://hl7.org/fhir/R4/help16.png" alt="doco" style="background-color: inherit"/> Documentation for this format</a></td></tr></table><hr/><p><b>Option Sets</b></p><a name="opt-item.color"> </a><p><b>Answer options for color</b></p><ul><li style="font-size: 11px">null#r (&quot;Red&quot;)</li><li style="font-size: 11px">null#r (&quot;Blue&quot;)</li><li style="font-size: 11px">null#r (&quot;Green&quot;)</li></ul></div></text><contained><ValueSet><id value="vs-product-size"/><url value="http://example.com/fhir/example/ValueSet/vs-product-size"/><version value="1.0.0"/><name value="VSProductSize"/><title value="Product-size"/><status value="active"/><description value="Product size"/><expansion><contains><code value="s"/><display value="Small"/><designation><language value="fr"/><value value="Petit"/></designation><designation><language value="es"/><value value="Pequeño"/></designation></contains><contains><code value="m"/><display value="Medium"/><designation><language value="fr"/><value value="Moyen"/></designation><designation><language value="es"/><value value="Medio"/></designation></contains><contains><code value="l"/><display value="Large"/><designation><language value="fr"/><value value="Large"/></designation><designation><language value="es"/><value value="Grande"/></designation></contains><contains><code value="xl"/><display value="Xtra Large"/><designation><language value="fr"/><value value="Très Large"/></designation><designation><language value="es"/><value value="Muy grande"/></designation></contains></expansion></ValueSet></contained><url value="http://example.com/fhir/example/Questionnaire/questionnaire-ee"/><identifier><system value="http://www.ee.org"/><value value="questionnaire-ee"/></identifier><version value="1.0.0"/><name value="questionnaire-ee"/><title value="Product attributes"><extension url="http://hl7.org/fhir/StructureDefinition/translation"><extension url="lang"><valueCode value="fr"/></extension><extension url="content"><valueString value="Données du produit"/></extension></extension><extension url="http://hl7.org/fhir/StructureDefinition/translation"><extension url="lang"><valueCode value="es"/></extension><extension url="content"><valueString value="Datos del producto"/></extension></extension></title><status value="active"/><date value="2022-10-11T19:14:51+00:00"/><publisher value="My Organization"/><contact><name value="My Organization"/><telecom><system value="url"/><value value="http://example.com/committees"/></telecom><telecom><system value="email"/><value value="my-group@example.com"/></telecom></contact><contact><name value="Bob Smith"/><telecom><system value="email"/><value value="bobsmith@example.com"/><use value="work"/></telecom></contact><jurisdiction><coding><system value="http://unstats.un.org/unsd/methods/m49/m49.htm"/><code value="001"/><display value="World"/></coding></jurisdiction><item><linkId value="MedicinalProduct"/><text value="Product"><extension url="http://hl7.org/fhir/StructureDefinition/translation"><extension url="lang"><valueCode value="es"/></extension><extension url="content"><valueString value="Producto"/></extension></extension><extension url="http://hl7.org/fhir/StructureDefinition/translation"><extension url="lang"><valueCode value="fr"/></extension><extension url="content"><valueString value="Produit"/></extension></extension></text><type value="group"/><required value="false"/><repeats value="true"/><item><linkId value="identifier"/><text value="Identifier"><extension url="http://hl7.org/fhir/StructureDefinition/translation"><extension url="lang"><valueCode value="fr"/></extension><extension url="content"><valueString value="identifiant produit"/></extension></extension><extension url="http://hl7.org/fhir/StructureDefinition/translation"><extension url="lang"><valueCode value="es"/></extension><extension url="content"><valueString value="identifcador de producto"/></extension></extension></text><type value="group"/><required value="false"/><repeats value="true"/><item><linkId value="identifier_system"/><text value="System"><extension url="http://hl7.org/fhir/StructureDefinition/translation"><extension url="lang"><valueCode value="fr"/></extension><extension url="content"><valueString value="système d'identification"/></extension></extension><extension url="http://hl7.org/fhir/StructureDefinition/translation"><extension url="lang"><valueCode value="es"/></extension><extension url="content"><valueString value="systema de identificación"/></extension></extension></text><type value="string"/><required value="true"/><repeats value="false"/></item><item><linkId value="identifier_value"/><text value="Value"><extension url="http://hl7.org/fhir/StructureDefinition/translation"><extension url="lang"><valueCode value="fr"/></extension><extension url="content"><valueString value="identifiant"/></extension></extension><extension url="http://hl7.org/fhir/StructureDefinition/translation"><extension url="lang"><valueCode value="es"/></extension><extension url="content"><valueString value="identificador"/></extension></extension></text><type value="string"/><required value="true"/><repeats value="false"/></item></item><item><linkId value="color"/><text value="Color"><extension url="http://hl7.org/fhir/StructureDefinition/translation"><extension url="lang"><valueCode value="es"/></extension><extension url="content"><valueString value="color"/></extension></extension><extension url="http://hl7.org/fhir/StructureDefinition/translation"><extension url="lang"><valueCode value="fr"/></extension><extension url="content"><valueString value="couleur"/></extension></extension></text><type value="choice"/><required value="true"/><repeats value="false"/><answerOption><valueCoding><code value="r"/><display value="Red"><extension url="http://hl7.org/fhir/StructureDefinition/translation"><extension url="lang"><valueCode value="fr"/></extension><extension url="content"><valueString value="Rouge"/></extension></extension><extension url="http://hl7.org/fhir/StructureDefinition/translation"><extension url="lang"><valueCode value="es"/></extension><extension url="content"><valueString value="Rojo"/></extension></extension></display></valueCoding></answerOption><answerOption><valueCoding><code value="r"/><display value="Blue"><extension url="http://hl7.org/fhir/StructureDefinition/translation"><extension url="lang"><valueCode value="fr"/></extension><extension url="content"><valueString value="Bleu"/></extension></extension><extension url="http://hl7.org/fhir/StructureDefinition/translation"><extension url="lang"><valueCode value="es"/></extension><extension url="content"><valueString value="Azul"/></extension></extension></display></valueCoding></answerOption><answerOption><valueCoding><code value="r"/><display value="Green"><extension url="http://hl7.org/fhir/StructureDefinition/translation"><extension url="lang"><valueCode value="es"/></extension><extension url="content"><valueString value="Verde"/></extension></extension><extension url="http://hl7.org/fhir/StructureDefinition/translation"><extension url="lang"><valueCode value="fr"/></extension><extension url="content"><valueString value="Vert"/></extension></extension></display></valueCoding></answerOption></item><item><linkId value="size"/><text value="Size"><extension url="http://hl7.org/fhir/StructureDefinition/translation"><extension url="lang"><valueCode value="es"/></extension><extension url="content"><valueString value="Tamaño"/></extension></extension><extension url="http://hl7.org/fhir/StructureDefinition/translation"><extension url="lang"><valueCode value="fr"/></extension><extension url="content"><valueString value="Taille"/></extension></extension></text><type value="choice"/><required value="true"/><repeats value="false"/><answerValueSet value="http://example.com/fhir/example/ValueSet/vs-product-size"/></item></item></Questionnaire>