{"resourceType":"ValueSet","id":"be-allergyintolerancecode","text":{"status":"generated","div":"<div xmlns=\"http://www.w3.org/1999/xhtml\"><ul><li>Import all the codes that are contained in <a href=\"ValueSet-be-causativeagent.html\">https://www.ehealth.fgov.be/standards/fhir/allergy/ValueSet/be-causativeagent</a></li></ul></div>"},"url":"https://medigree.github.io/MLQuestionnaires/ValueSet-be-allergyintolerancecode","version":"1.0.0","name":"BeAllergyIntoleranceCode","status":"active","date":"2022-09-18T20:06:10+00:00","publisher":"My Organization","contact":[{"name":"My Organization","telecom":[{"system":"url","value":"http://example.com/committees"},{"system":"email","value":"my-group@example.com"}]},{"name":"Bob Smith","telecom":[{"system":"email","value":"bobsmith@example.com","use":"work"}]}],"description":"Codes as communicated by NIHDI and the FOD Terminology Center differentiating types of allergy intolerance codes. This valueset supports the Belgian federal FHIR profiling effort.","jurisdiction":[{"coding":[{"system":"http://unstats.un.org/unsd/methods/m49/m49.htm","code":"001","display":"World"}]}],"compose":{"include":[{"valueSet":["https://www.ehealth.fgov.be/standards/fhir/allergy/ValueSet/be-causativeagent"]}]}}