[
  {
    "id": "my-ig",
    "type": "ImplementationGuide",
    "url": "http://example.com/fhir/example",
    "version": "1.0.0",
    "name": "ExampleIG"
  },
  {
    "id": "product-size",
    "type": "CodeSystem",
    "url": "http://example.com/fhir/example/CodeSystem/product-size",
    "version": "1.0.0",
    "name": "CSProductSize"
  },
  {
    "id": "questionnaire-ee",
    "type": "Questionnaire",
    "url": "http://example.com/fhir/example/Questionnaire/questionnaire-ee",
    "version": "1.0.0",
    "name": "questionnaire-ee"
  },
  {
    "id": "vs-product-size",
    "type": "ValueSet",
    "url": "http://example.com/fhir/example/ValueSet/vs-product-size",
    "version": "1.0.0",
    "name": "VSProductSize"
  },
  {
    "id": "be-causativeagent",
    "type": "ValueSet",
    "url": "https://www.ehealth.fgov.be/standards/fhir/allergy/ValueSet/be-causativeagent",
    "version": "1.0.0",
    "name": "BeCausativeAgent"
  }
]