<?xml version="1.0" encoding="UTF-8"?>

<CodeSystem xmlns="http://hl7.org/fhir">
  <id value="product-size"/>
  <text>
    <status value="generated"/><div xmlns="http://www.w3.org/1999/xhtml"><p>This code system <code>http://example.com/fhir/example/CodeSystem/product-size</code> defines the following codes:</p><table class="codes"><tr><td style="white-space:nowrap"><b>Code</b></td><td><b>Display</b></td><td><b>Definition</b></td></tr><tr><td style="white-space:nowrap">s<a name="product-size-s"> </a></td><td>Small</td><td>Small</td></tr><tr><td style="white-space:nowrap">m<a name="product-size-m"> </a></td><td>Medium</td><td>Medium</td></tr><tr><td style="white-space:nowrap">l<a name="product-size-l"> </a></td><td>Large</td><td>Large</td></tr><tr><td style="white-space:nowrap">xl<a name="product-size-xl"> </a></td><td>Xtra Large</td><td>Extra Large</td></tr></table><p><b>Additional Language Displays</b></p><table class="codes"><tr><td><b>Code</b></td><td><b>Spanish (es)</b></td><td><b>French (fr)</b></td></tr><tr><td>s</td><td>Pequeño</td><td>Petit</td></tr><tr><td>m</td><td>Medio</td><td>Moyen</td></tr><tr><td>l</td><td>Grande</td><td>Large</td></tr><tr><td>xl</td><td>Muy grande</td><td>Très Large</td></tr></table></div>
  </text>
  <url value="http://example.com/fhir/example/CodeSystem/product-size"/>
  <version value="1.0.0"/>
  <name value="CSProductSize"/>
  <title value="Product-size"/>
  <status value="active"/>
  <date value="2022-10-11T20:29:55+00:00"/>
  <publisher value="My Organization"/>
  <contact>
    <name value="My Organization"/>
    <telecom>
      <system value="url"/>
      <value value="http://example.com/committees"/>
    </telecom>
    <telecom>
      <system value="email"/>
      <value value="my-group@example.com"/>
    </telecom>
  </contact>
  <contact>
    <name value="Bob Smith"/>
    <telecom>
      <system value="email"/>
      <value value="bobsmith@example.com"/>
      <use value="work"/>
    </telecom>
  </contact>
  <description value="Product size"/>
  <jurisdiction>
    <coding>
      <system value="http://unstats.un.org/unsd/methods/m49/m49.htm"/>
      <code value="001"/>
      <display value="World"/>
    </coding>
  </jurisdiction>
  <content value="complete"/>
  <count value="4"/>
  <concept>
    <code value="s"/>
    <display value="Small"/>
    <definition value="Small"/>
    <designation>
      <language value="fr"/>
      <value value="Petit"/>
    </designation>
    <designation>
      <language value="es"/>
      <value value="Pequeño"/>
    </designation>
  </concept>
  <concept>
    <code value="m"/>
    <display value="Medium"/>
    <definition value="Medium"/>
    <designation>
      <language value="fr"/>
      <value value="Moyen"/>
    </designation>
    <designation>
      <language value="es"/>
      <value value="Medio"/>
    </designation>
  </concept>
  <concept>
    <code value="l"/>
    <display value="Large"/>
    <definition value="Large"/>
    <designation>
      <language value="fr"/>
      <value value="Large"/>
    </designation>
    <designation>
      <language value="es"/>
      <value value="Grande"/>
    </designation>
  </concept>
  <concept>
    <code value="xl"/>
    <display value="Xtra Large"/>
    <definition value="Extra Large"/>
    <designation>
      <language value="fr"/>
      <value value="Très Large"/>
    </designation>
    <designation>
      <language value="es"/>
      <value value="Muy grande"/>
    </designation>
  </concept>
</CodeSystem>