{
  "resourceType": "Questionnaire",
  "id": "questionnaire-ee",
  "text": {
    "status": "generated",
    "div": "<div xmlns=\"http://www.w3.org/1999/xhtml\"><b>Structure</b><table border=\"1\" cellpadding=\"0\" cellspacing=\"0\" style=\"border: 1px #F0F0F0 solid; font-size: 11px; font-family: verdana; vertical-align: top;\"><tr style=\"border: 2px #F0F0F0 solid; font-size: 11px; font-family: verdana; vertical-align: top\"><th style=\"vertical-align: top; text-align : left; background-color: white; border: 1px #F0F0F0 solid; padding:0px 4px 0px 4px\" class=\"hierarchy\"><a href=\"http://hl7.org/fhir/R4/formats.html#table\" title=\"The linkId for the item\">LinkId</a></th><th style=\"vertical-align: top; text-align : left; background-color: white; border: 1px #F0F0F0 solid; padding:0px 4px 0px 4px\" class=\"hierarchy\"><a href=\"http://hl7.org/fhir/R4/formats.html#table\" title=\"Text for the item\">Text</a></th><th style=\"vertical-align: top; text-align : left; background-color: white; border: 1px #F0F0F0 solid; padding:0px 4px 0px 4px\" class=\"hierarchy\"><a href=\"http://hl7.org/fhir/R4/formats.html#table\" title=\"Minimum and Maximum # of times the the itemcan appear in the instance\">Cardinality</a></th><th style=\"vertical-align: top; text-align : left; background-color: white; border: 1px #F0F0F0 solid; padding:0px 4px 0px 4px\" class=\"hierarchy\"><a href=\"http://hl7.org/fhir/R4/formats.html#table\" title=\"The type of the item\">Type</a></th><th style=\"vertical-align: top; text-align : left; background-color: white; border: 1px #F0F0F0 solid; padding:0px 4px 0px 4px\" class=\"hierarchy\"><a href=\"http://hl7.org/fhir/R4/formats.html#table\" title=\"Additional information about the item\">Description &amp; Constraints</a><span style=\"float: right\"><a href=\"http://hl7.org/fhir/R4/formats.html#table\" title=\"Legend for this format\"><img src=\"http://hl7.org/fhir/R4/help16.png\" alt=\"doco\" style=\"background-color: inherit\"/></a></span></th></tr><tr style=\"border: 1px #F0F0F0 solid; padding:0px; vertical-align: top; background-color: white\"><td style=\"vertical-align: top; text-align : left; background-color: white; border: 1px #F0F0F0 solid; padding:0px 4px 0px 4px; white-space: nowrap; background-image: url(tbl_bck1.png)\" class=\"hierarchy\"><img src=\"tbl_spacer.png\" alt=\".\" style=\"background-color: inherit\" class=\"hierarchy\"/><img src=\"icon_q_root.gif\" alt=\".\" style=\"background-color: white; background-color: inherit\" title=\"QuestionnaireRoot\" class=\"hierarchy\"/> questionnaire-ee</td><td style=\"vertical-align: top; text-align : left; background-color: white; border: 1px #F0F0F0 solid; padding:0px 4px 0px 4px\" class=\"hierarchy\"/><td style=\"vertical-align: top; text-align : left; background-color: white; border: 1px #F0F0F0 solid; padding:0px 4px 0px 4px\" class=\"hierarchy\"></td><td style=\"vertical-align: top; text-align : left; background-color: white; border: 1px #F0F0F0 solid; padding:0px 4px 0px 4px\" class=\"hierarchy\">Questionnaire</td><td style=\"vertical-align: top; text-align : left; background-color: white; border: 1px #F0F0F0 solid; padding:0px 4px 0px 4px\" class=\"hierarchy\">http://example.com/fhir/example/Questionnaire/questionnaire-ee#1.0.0</td></tr>\r\n<tr style=\"border: 1px #F0F0F0 solid; padding:0px; vertical-align: top; background-color: #F7F7F7\"><td style=\"vertical-align: top; text-align : left; background-color: #F7F7F7; border: 1px #F0F0F0 solid; padding:0px 4px 0px 4px; white-space: nowrap; background-image: url(tbl_bck01.png)\" id=\"item.MedicinalProduct\" class=\"hierarchy\"><img src=\"tbl_spacer.png\" alt=\".\" style=\"background-color: inherit\" class=\"hierarchy\"/><img src=\"tbl_vjoin_end.png\" alt=\".\" style=\"background-color: inherit\" class=\"hierarchy\"/><img src=\"icon-q-group.png\" alt=\".\" style=\"background-color: #F7F7F7; background-color: inherit\" title=\"Group\" class=\"hierarchy\"/> MedicinalProduct</td><td style=\"vertical-align: top; text-align : left; background-color: #F7F7F7; border: 1px #F0F0F0 solid; padding:0px 4px 0px 4px\" class=\"hierarchy\">Product</td><td style=\"vertical-align: top; text-align : left; background-color: #F7F7F7; border: 1px #F0F0F0 solid; padding:0px 4px 0px 4px\" class=\"hierarchy\">0..*</td><td style=\"vertical-align: top; text-align : left; background-color: #F7F7F7; border: 1px #F0F0F0 solid; padding:0px 4px 0px 4px\" class=\"hierarchy\"><a href=\"http://hl7.org/fhir/R4/codesystem-item-type.html#item-type-group\">group</a></td><td style=\"vertical-align: top; text-align : left; background-color: #F7F7F7; border: 1px #F0F0F0 solid; padding:0px 4px 0px 4px\" class=\"hierarchy\"/></tr>\r\n<tr style=\"border: 1px #F0F0F0 solid; padding:0px; vertical-align: top; background-color: white\"><td style=\"vertical-align: top; text-align : left; background-color: white; border: 1px #F0F0F0 solid; padding:0px 4px 0px 4px; white-space: nowrap; background-image: url(tbl_bck011.png)\" id=\"item.identifier\" class=\"hierarchy\"><img src=\"tbl_spacer.png\" alt=\".\" style=\"background-color: inherit\" class=\"hierarchy\"/><img src=\"tbl_blank.png\" alt=\".\" style=\"background-color: inherit\" class=\"hierarchy\"/><img src=\"tbl_vjoin.png\" alt=\".\" style=\"background-color: inherit\" class=\"hierarchy\"/><img src=\"icon-q-group.png\" alt=\".\" style=\"background-color: white; background-color: inherit\" title=\"Group\" class=\"hierarchy\"/> identifier</td><td style=\"vertical-align: top; text-align : left; background-color: white; border: 1px #F0F0F0 solid; padding:0px 4px 0px 4px\" class=\"hierarchy\">Identifier</td><td style=\"vertical-align: top; text-align : left; background-color: white; border: 1px #F0F0F0 solid; padding:0px 4px 0px 4px\" class=\"hierarchy\">0..*</td><td style=\"vertical-align: top; text-align : left; background-color: white; border: 1px #F0F0F0 solid; padding:0px 4px 0px 4px\" class=\"hierarchy\"><a href=\"http://hl7.org/fhir/R4/codesystem-item-type.html#item-type-group\">group</a></td><td style=\"vertical-align: top; text-align : left; background-color: white; border: 1px #F0F0F0 solid; padding:0px 4px 0px 4px\" class=\"hierarchy\"/></tr>\r\n<tr style=\"border: 1px #F0F0F0 solid; padding:0px; vertical-align: top; background-color: #F7F7F7\"><td style=\"vertical-align: top; text-align : left; background-color: #F7F7F7; border: 1px #F0F0F0 solid; padding:0px 4px 0px 4px; white-space: nowrap; background-image: url(tbl_bck0110.png)\" id=\"item.identifier_system\" class=\"hierarchy\"><img src=\"tbl_spacer.png\" alt=\".\" style=\"background-color: inherit\" class=\"hierarchy\"/><img src=\"tbl_blank.png\" alt=\".\" style=\"background-color: inherit\" class=\"hierarchy\"/><img src=\"tbl_vline.png\" alt=\".\" style=\"background-color: inherit\" class=\"hierarchy\"/><img src=\"tbl_vjoin.png\" alt=\".\" style=\"background-color: inherit\" class=\"hierarchy\"/><img src=\"icon-q-string.png\" alt=\".\" style=\"background-color: #F7F7F7; background-color: inherit\" title=\"String\" class=\"hierarchy\"/> identifier_system</td><td style=\"vertical-align: top; text-align : left; background-color: #F7F7F7; border: 1px #F0F0F0 solid; padding:0px 4px 0px 4px\" class=\"hierarchy\">System</td><td style=\"vertical-align: top; text-align : left; background-color: #F7F7F7; border: 1px #F0F0F0 solid; padding:0px 4px 0px 4px\" class=\"hierarchy\">1..1</td><td style=\"vertical-align: top; text-align : left; background-color: #F7F7F7; border: 1px #F0F0F0 solid; padding:0px 4px 0px 4px\" class=\"hierarchy\"><a href=\"http://hl7.org/fhir/R4/codesystem-item-type.html#item-type-string\">string</a></td><td style=\"vertical-align: top; text-align : left; background-color: #F7F7F7; border: 1px #F0F0F0 solid; padding:0px 4px 0px 4px\" class=\"hierarchy\"/></tr>\r\n<tr style=\"border: 1px #F0F0F0 solid; padding:0px; vertical-align: top; background-color: white\"><td style=\"vertical-align: top; text-align : left; background-color: white; border: 1px #F0F0F0 solid; padding:0px 4px 0px 4px; white-space: nowrap; background-image: url(tbl_bck0100.png)\" id=\"item.identifier_value\" class=\"hierarchy\"><img src=\"tbl_spacer.png\" alt=\".\" style=\"background-color: inherit\" class=\"hierarchy\"/><img src=\"tbl_blank.png\" alt=\".\" style=\"background-color: inherit\" class=\"hierarchy\"/><img src=\"tbl_vline.png\" alt=\".\" style=\"background-color: inherit\" class=\"hierarchy\"/><img src=\"tbl_vjoin_end.png\" alt=\".\" style=\"background-color: inherit\" class=\"hierarchy\"/><img src=\"icon-q-string.png\" alt=\".\" style=\"background-color: white; background-color: inherit\" title=\"String\" class=\"hierarchy\"/> identifier_value</td><td style=\"vertical-align: top; text-align : left; background-color: white; border: 1px #F0F0F0 solid; padding:0px 4px 0px 4px\" class=\"hierarchy\">Value</td><td style=\"vertical-align: top; text-align : left; background-color: white; border: 1px #F0F0F0 solid; padding:0px 4px 0px 4px\" class=\"hierarchy\">1..1</td><td style=\"vertical-align: top; text-align : left; background-color: white; border: 1px #F0F0F0 solid; padding:0px 4px 0px 4px\" class=\"hierarchy\"><a href=\"http://hl7.org/fhir/R4/codesystem-item-type.html#item-type-string\">string</a></td><td style=\"vertical-align: top; text-align : left; background-color: white; border: 1px #F0F0F0 solid; padding:0px 4px 0px 4px\" class=\"hierarchy\"/></tr>\r\n<tr style=\"border: 1px #F0F0F0 solid; padding:0px; vertical-align: top; background-color: #F7F7F7\"><td style=\"vertical-align: top; text-align : left; background-color: #F7F7F7; border: 1px #F0F0F0 solid; padding:0px 4px 0px 4px; white-space: nowrap; background-image: url(tbl_bck010.png)\" id=\"item.color1\" class=\"hierarchy\"><img src=\"tbl_spacer.png\" alt=\".\" style=\"background-color: inherit\" class=\"hierarchy\"/><img src=\"tbl_blank.png\" alt=\".\" style=\"background-color: inherit\" class=\"hierarchy\"/><img src=\"tbl_vjoin.png\" alt=\".\" style=\"background-color: inherit\" class=\"hierarchy\"/><img src=\"icon-q-coding.png\" alt=\".\" style=\"background-color: #F7F7F7; background-color: inherit\" title=\"Coding\" class=\"hierarchy\"/> color1</td><td style=\"vertical-align: top; text-align : left; background-color: #F7F7F7; border: 1px #F0F0F0 solid; padding:0px 4px 0px 4px\" class=\"hierarchy\">Color 1</td><td style=\"vertical-align: top; text-align : left; background-color: #F7F7F7; border: 1px #F0F0F0 solid; padding:0px 4px 0px 4px\" class=\"hierarchy\">1..1</td><td style=\"vertical-align: top; text-align : left; background-color: #F7F7F7; border: 1px #F0F0F0 solid; padding:0px 4px 0px 4px\" class=\"hierarchy\"><a href=\"http://hl7.org/fhir/R4/codesystem-item-type.html#item-type-choice\">choice</a></td><td style=\"vertical-align: top; text-align : left; background-color: #F7F7F7; border: 1px #F0F0F0 solid; padding:0px 4px 0px 4px\" class=\"hierarchy\">Options: <a href=\"#opt-item.color1\">3 options</a></td></tr>\r\n<tr style=\"border: 1px #F0F0F0 solid; padding:0px; vertical-align: top; background-color: white\"><td style=\"vertical-align: top; text-align : left; background-color: white; border: 1px #F0F0F0 solid; padding:0px 4px 0px 4px; white-space: nowrap; background-image: url(tbl_bck010.png)\" id=\"item.color2\" class=\"hierarchy\"><img src=\"tbl_spacer.png\" alt=\".\" style=\"background-color: inherit\" class=\"hierarchy\"/><img src=\"tbl_blank.png\" alt=\".\" style=\"background-color: inherit\" class=\"hierarchy\"/><img src=\"tbl_vjoin.png\" alt=\".\" style=\"background-color: inherit\" class=\"hierarchy\"/><img src=\"icon-q-coding.png\" alt=\".\" style=\"background-color: white; background-color: inherit\" title=\"Coding\" class=\"hierarchy\"/> color2</td><td style=\"vertical-align: top; text-align : left; background-color: white; border: 1px #F0F0F0 solid; padding:0px 4px 0px 4px\" class=\"hierarchy\">Color 2</td><td style=\"vertical-align: top; text-align : left; background-color: white; border: 1px #F0F0F0 solid; padding:0px 4px 0px 4px\" class=\"hierarchy\">1..1</td><td style=\"vertical-align: top; text-align : left; background-color: white; border: 1px #F0F0F0 solid; padding:0px 4px 0px 4px\" class=\"hierarchy\"><a href=\"http://hl7.org/fhir/R4/codesystem-item-type.html#item-type-choice\">choice</a></td><td style=\"vertical-align: top; text-align : left; background-color: white; border: 1px #F0F0F0 solid; padding:0px 4px 0px 4px\" class=\"hierarchy\">Options: <a href=\"#opt-item.color2\">3 options</a></td></tr>\r\n<tr style=\"border: 1px #F0F0F0 solid; padding:0px; vertical-align: top; background-color: #F7F7F7\"><td style=\"vertical-align: top; text-align : left; background-color: #F7F7F7; border: 1px #F0F0F0 solid; padding:0px 4px 0px 4px; white-space: nowrap; background-image: url(tbl_bck011.png)\" id=\"item.additional_colors\" class=\"hierarchy\"><img src=\"tbl_spacer.png\" alt=\".\" style=\"background-color: inherit\" class=\"hierarchy\"/><img src=\"tbl_blank.png\" alt=\".\" style=\"background-color: inherit\" class=\"hierarchy\"/><img src=\"tbl_vjoin.png\" alt=\".\" style=\"background-color: inherit\" class=\"hierarchy\"/><img src=\"icon-q-group.png\" alt=\".\" style=\"background-color: #F7F7F7; background-color: inherit\" title=\"Group\" class=\"hierarchy\"/> additional_colors</td><td style=\"vertical-align: top; text-align : left; background-color: #F7F7F7; border: 1px #F0F0F0 solid; padding:0px 4px 0px 4px\" class=\"hierarchy\">Additional Colors</td><td style=\"vertical-align: top; text-align : left; background-color: #F7F7F7; border: 1px #F0F0F0 solid; padding:0px 4px 0px 4px\" class=\"hierarchy\">0..*</td><td style=\"vertical-align: top; text-align : left; background-color: #F7F7F7; border: 1px #F0F0F0 solid; padding:0px 4px 0px 4px\" class=\"hierarchy\"><a href=\"http://hl7.org/fhir/R4/codesystem-item-type.html#item-type-group\">group</a></td><td style=\"vertical-align: top; text-align : left; background-color: #F7F7F7; border: 1px #F0F0F0 solid; padding:0px 4px 0px 4px\" class=\"hierarchy\"/></tr>\r\n<tr style=\"border: 1px #F0F0F0 solid; padding:0px; vertical-align: top; background-color: white\"><td style=\"vertical-align: top; text-align : left; background-color: white; border: 1px #F0F0F0 solid; padding:0px 4px 0px 4px; white-space: nowrap; background-image: url(tbl_bck0110.png)\" id=\"item.color3\" class=\"hierarchy\"><img src=\"tbl_spacer.png\" alt=\".\" style=\"background-color: inherit\" class=\"hierarchy\"/><img src=\"tbl_blank.png\" alt=\".\" style=\"background-color: inherit\" class=\"hierarchy\"/><img src=\"tbl_vline.png\" alt=\".\" style=\"background-color: inherit\" class=\"hierarchy\"/><img src=\"tbl_vjoin.png\" alt=\".\" style=\"background-color: inherit\" class=\"hierarchy\"/><img src=\"icon-q-coding.png\" alt=\".\" style=\"background-color: white; background-color: inherit\" title=\"Coding\" class=\"hierarchy\"/> color3</td><td style=\"vertical-align: top; text-align : left; background-color: white; border: 1px #F0F0F0 solid; padding:0px 4px 0px 4px\" class=\"hierarchy\">Color 3</td><td style=\"vertical-align: top; text-align : left; background-color: white; border: 1px #F0F0F0 solid; padding:0px 4px 0px 4px\" class=\"hierarchy\">1..1</td><td style=\"vertical-align: top; text-align : left; background-color: white; border: 1px #F0F0F0 solid; padding:0px 4px 0px 4px\" class=\"hierarchy\"><a href=\"http://hl7.org/fhir/R4/codesystem-item-type.html#item-type-choice\">choice</a></td><td style=\"vertical-align: top; text-align : left; background-color: white; border: 1px #F0F0F0 solid; padding:0px 4px 0px 4px\" class=\"hierarchy\">Options: <a href=\"#opt-item.color3\">3 options</a></td></tr>\r\n<tr style=\"border: 1px #F0F0F0 solid; padding:0px; vertical-align: top; background-color: #F7F7F7\"><td style=\"vertical-align: top; text-align : left; background-color: #F7F7F7; border: 1px #F0F0F0 solid; padding:0px 4px 0px 4px; white-space: nowrap; background-image: url(tbl_bck0100.png)\" id=\"item.color4\" class=\"hierarchy\"><img src=\"tbl_spacer.png\" alt=\".\" style=\"background-color: inherit\" class=\"hierarchy\"/><img src=\"tbl_blank.png\" alt=\".\" style=\"background-color: inherit\" class=\"hierarchy\"/><img src=\"tbl_vline.png\" alt=\".\" style=\"background-color: inherit\" class=\"hierarchy\"/><img src=\"tbl_vjoin_end.png\" alt=\".\" style=\"background-color: inherit\" class=\"hierarchy\"/><img src=\"icon-q-coding.png\" alt=\".\" style=\"background-color: #F7F7F7; background-color: inherit\" title=\"Coding\" class=\"hierarchy\"/> color4</td><td style=\"vertical-align: top; text-align : left; background-color: #F7F7F7; border: 1px #F0F0F0 solid; padding:0px 4px 0px 4px\" class=\"hierarchy\">Color 4</td><td style=\"vertical-align: top; text-align : left; background-color: #F7F7F7; border: 1px #F0F0F0 solid; padding:0px 4px 0px 4px\" class=\"hierarchy\">1..1</td><td style=\"vertical-align: top; text-align : left; background-color: #F7F7F7; border: 1px #F0F0F0 solid; padding:0px 4px 0px 4px\" class=\"hierarchy\"><a href=\"http://hl7.org/fhir/R4/codesystem-item-type.html#item-type-choice\">choice</a></td><td style=\"vertical-align: top; text-align : left; background-color: #F7F7F7; border: 1px #F0F0F0 solid; padding:0px 4px 0px 4px\" class=\"hierarchy\">Options: <a href=\"#opt-item.color4\">3 options</a></td></tr>\r\n<tr style=\"border: 1px #F0F0F0 solid; padding:0px; vertical-align: top; background-color: white\"><td style=\"vertical-align: top; text-align : left; background-color: white; border: 1px #F0F0F0 solid; padding:0px 4px 0px 4px; white-space: nowrap; background-image: url(tbl_bck000.png)\" id=\"item.size\" class=\"hierarchy\"><img src=\"tbl_spacer.png\" alt=\".\" style=\"background-color: inherit\" class=\"hierarchy\"/><img src=\"tbl_blank.png\" alt=\".\" style=\"background-color: inherit\" class=\"hierarchy\"/><img src=\"tbl_vjoin_end.png\" alt=\".\" style=\"background-color: inherit\" class=\"hierarchy\"/><img src=\"icon-q-coding.png\" alt=\".\" style=\"background-color: white; background-color: inherit\" title=\"Coding\" class=\"hierarchy\"/> size</td><td style=\"vertical-align: top; text-align : left; background-color: white; border: 1px #F0F0F0 solid; padding:0px 4px 0px 4px\" class=\"hierarchy\">Size</td><td style=\"vertical-align: top; text-align : left; background-color: white; border: 1px #F0F0F0 solid; padding:0px 4px 0px 4px\" class=\"hierarchy\">1..1</td><td style=\"vertical-align: top; text-align : left; background-color: white; border: 1px #F0F0F0 solid; padding:0px 4px 0px 4px\" class=\"hierarchy\"><a href=\"http://hl7.org/fhir/R4/codesystem-item-type.html#item-type-choice\">choice</a></td><td style=\"vertical-align: top; text-align : left; background-color: white; border: 1px #F0F0F0 solid; padding:0px 4px 0px 4px\" class=\"hierarchy\">Value Set: <a href=\"ValueSet-vs-product-size.html\">Product-size</a></td></tr>\r\n<tr><td colspan=\"5\" class=\"hierarchy\"><br/><a href=\"http://hl7.org/fhir/R4/formats.html#table\" title=\"Legend for this format\"><img src=\"http://hl7.org/fhir/R4/help16.png\" alt=\"doco\" style=\"background-color: inherit\"/> Documentation for this format</a></td></tr></table><hr/><p><b>Option Sets</b></p><a name=\"opt-item.color1\"> </a><p><b>Answer options for color1</b></p><ul><li style=\"font-size: 11px\">null#r (&quot;Red&quot;)</li><li style=\"font-size: 11px\">null#b (&quot;Blue&quot;)</li><li style=\"font-size: 11px\">null#g (&quot;Green&quot;)</li></ul><a name=\"opt-item.color2\"> </a><p><b>Answer options for color2</b></p><ul><li style=\"font-size: 11px\">null#r (&quot;Red&quot;)</li><li style=\"font-size: 11px\">null#b (&quot;Blue&quot;)</li><li style=\"font-size: 11px\">null#g (&quot;Green&quot;)</li></ul><a name=\"opt-item.color3\"> </a><p><b>Answer options for color3</b></p><ul><li style=\"font-size: 11px\">null#r (&quot;Red&quot;)</li><li style=\"font-size: 11px\">null#b (&quot;Blue&quot;)</li><li style=\"font-size: 11px\">null#g (&quot;Green&quot;)</li></ul><a name=\"opt-item.color4\"> </a><p><b>Answer options for color4</b></p><ul><li style=\"font-size: 11px\">null#r (&quot;Red&quot;)</li><li style=\"font-size: 11px\">null#b (&quot;Blue&quot;)</li><li style=\"font-size: 11px\">null#g (&quot;Green&quot;)</li></ul></div>"
  },
  "contained": [
    {
      "resourceType": "ValueSet",
      "id": "vs-product-size",
      "url": "http://example.com/fhir/example/ValueSet/vs-product-size",
      "version": "1.0.0",
      "name": "VSProductSize",
      "title": "Product-size",
      "status": "active",
      "description": "Product size",
      "expansion": {
        "contains": [
          {
            "code": "s",
            "display": "Small",
            "designation": [
              {
                "language": "fr",
                "value": "Petit"
              },
              {
                "language": "es",
                "value": "Pequeño"
              }
            ]
          },
          {
            "code": "m",
            "display": "Medium",
            "designation": [
              {
                "language": "fr",
                "value": "Moyen"
              },
              {
                "language": "es",
                "value": "Medio"
              }
            ]
          },
          {
            "code": "l",
            "display": "Large",
            "designation": [
              {
                "language": "fr",
                "value": "Large"
              },
              {
                "language": "es",
                "value": "Grande"
              }
            ]
          },
          {
            "code": "xl",
            "display": "Xtra Large",
            "designation": [
              {
                "language": "fr",
                "value": "Très Large"
              },
              {
                "language": "es",
                "value": "Muy grande"
              }
            ]
          }
        ]
      }
    }
  ],
  "url": "http://example.com/fhir/example/Questionnaire/questionnaire-ee",
  "identifier": [
    {
      "system": "http://www.ee.org",
      "value": "questionnaire-ee"
    }
  ],
  "version": "1.0.0",
  "name": "questionnaire-ee",
  "title": "Product attributes",
  "_title": {
    "extension": [
      {
        "extension": [
          {
            "url": "lang",
            "valueCode": "fr"
          },
          {
            "url": "content",
            "valueString": "Données du produit"
          }
        ],
        "url": "http://hl7.org/fhir/StructureDefinition/translation"
      },
      {
        "extension": [
          {
            "url": "lang",
            "valueCode": "es"
          },
          {
            "url": "content",
            "valueString": "Datos del producto"
          }
        ],
        "url": "http://hl7.org/fhir/StructureDefinition/translation"
      }
    ]
  },
  "status": "active",
  "date": "2022-10-12T21:14:46+00:00",
  "publisher": "My Organization",
  "contact": [
    {
      "name": "My Organization",
      "telecom": [
        {
          "system": "url",
          "value": "http://example.com/committees"
        },
        {
          "system": "email",
          "value": "my-group@example.com"
        }
      ]
    },
    {
      "name": "Bob Smith",
      "telecom": [
        {
          "system": "email",
          "value": "bobsmith@example.com",
          "use": "work"
        }
      ]
    }
  ],
  "jurisdiction": [
    {
      "coding": [
        {
          "system": "http://unstats.un.org/unsd/methods/m49/m49.htm",
          "code": "001",
          "display": "World"
        }
      ]
    }
  ],
  "item": [
    {
      "linkId": "MedicinalProduct",
      "text": "Product",
      "_text": {
        "extension": [
          {
            "extension": [
              {
                "url": "lang",
                "valueCode": "es"
              },
              {
                "url": "content",
                "valueString": "Producto"
              }
            ],
            "url": "http://hl7.org/fhir/StructureDefinition/translation"
          },
          {
            "extension": [
              {
                "url": "lang",
                "valueCode": "fr"
              },
              {
                "url": "content",
                "valueString": "Produit"
              }
            ],
            "url": "http://hl7.org/fhir/StructureDefinition/translation"
          }
        ]
      },
      "type": "group",
      "required": false,
      "repeats": true,
      "item": [
        {
          "linkId": "identifier",
          "text": "Identifier",
          "_text": {
            "extension": [
              {
                "extension": [
                  {
                    "url": "lang",
                    "valueCode": "fr"
                  },
                  {
                    "url": "content",
                    "valueString": "identifiant produit"
                  }
                ],
                "url": "http://hl7.org/fhir/StructureDefinition/translation"
              },
              {
                "extension": [
                  {
                    "url": "lang",
                    "valueCode": "es"
                  },
                  {
                    "url": "content",
                    "valueString": "identifcador de producto"
                  }
                ],
                "url": "http://hl7.org/fhir/StructureDefinition/translation"
              }
            ]
          },
          "type": "group",
          "required": false,
          "repeats": true,
          "item": [
            {
              "linkId": "identifier_system",
              "text": "System",
              "_text": {
                "extension": [
                  {
                    "extension": [
                      {
                        "url": "lang",
                        "valueCode": "fr"
                      },
                      {
                        "url": "content",
                        "valueString": "système d'identification"
                      }
                    ],
                    "url": "http://hl7.org/fhir/StructureDefinition/translation"
                  },
                  {
                    "extension": [
                      {
                        "url": "lang",
                        "valueCode": "es"
                      },
                      {
                        "url": "content",
                        "valueString": "systema de identificación"
                      }
                    ],
                    "url": "http://hl7.org/fhir/StructureDefinition/translation"
                  }
                ]
              },
              "type": "string",
              "required": true,
              "repeats": false
            },
            {
              "linkId": "identifier_value",
              "text": "Value",
              "_text": {
                "extension": [
                  {
                    "extension": [
                      {
                        "url": "lang",
                        "valueCode": "fr"
                      },
                      {
                        "url": "content",
                        "valueString": "identifiant"
                      }
                    ],
                    "url": "http://hl7.org/fhir/StructureDefinition/translation"
                  },
                  {
                    "extension": [
                      {
                        "url": "lang",
                        "valueCode": "es"
                      },
                      {
                        "url": "content",
                        "valueString": "identificador"
                      }
                    ],
                    "url": "http://hl7.org/fhir/StructureDefinition/translation"
                  }
                ]
              },
              "type": "string",
              "required": true,
              "repeats": false
            }
          ]
        },
        {
          "linkId": "color1",
          "text": "Color 1",
          "_text": {
            "extension": [
              {
                "extension": [
                  {
                    "url": "lang",
                    "valueCode": "es"
                  },
                  {
                    "url": "content",
                    "valueString": "color"
                  }
                ],
                "url": "http://hl7.org/fhir/StructureDefinition/translation"
              },
              {
                "extension": [
                  {
                    "url": "lang",
                    "valueCode": "fr"
                  },
                  {
                    "url": "content",
                    "valueString": "couleur"
                  }
                ],
                "url": "http://hl7.org/fhir/StructureDefinition/translation"
              }
            ]
          },
          "type": "choice",
          "required": true,
          "repeats": false,
          "answerOption": [
            {
              "valueCoding": {
                "code": "r",
                "display": "Red",
                "_display": {
                  "extension": [
                    {
                      "extension": [
                        {
                          "url": "lang",
                          "valueCode": "fr"
                        },
                        {
                          "url": "content",
                          "valueString": "Rouge"
                        }
                      ],
                      "url": "http://hl7.org/fhir/StructureDefinition/translation"
                    },
                    {
                      "extension": [
                        {
                          "url": "lang",
                          "valueCode": "es"
                        },
                        {
                          "url": "content",
                          "valueString": "Rojo"
                        }
                      ],
                      "url": "http://hl7.org/fhir/StructureDefinition/translation"
                    }
                  ]
                }
              }
            },
            {
              "valueCoding": {
                "code": "b",
                "display": "Blue",
                "_display": {
                  "extension": [
                    {
                      "extension": [
                        {
                          "url": "lang",
                          "valueCode": "fr"
                        },
                        {
                          "url": "content",
                          "valueString": "Bleu"
                        }
                      ],
                      "url": "http://hl7.org/fhir/StructureDefinition/translation"
                    },
                    {
                      "extension": [
                        {
                          "url": "lang",
                          "valueCode": "es"
                        },
                        {
                          "url": "content",
                          "valueString": "Azul"
                        }
                      ],
                      "url": "http://hl7.org/fhir/StructureDefinition/translation"
                    }
                  ]
                }
              }
            },
            {
              "valueCoding": {
                "code": "g",
                "display": "Green",
                "_display": {
                  "extension": [
                    {
                      "extension": [
                        {
                          "url": "lang",
                          "valueCode": "es"
                        },
                        {
                          "url": "content",
                          "valueString": "Verde"
                        }
                      ],
                      "url": "http://hl7.org/fhir/StructureDefinition/translation"
                    },
                    {
                      "extension": [
                        {
                          "url": "lang",
                          "valueCode": "fr"
                        },
                        {
                          "url": "content",
                          "valueString": "Vert"
                        }
                      ],
                      "url": "http://hl7.org/fhir/StructureDefinition/translation"
                    }
                  ]
                }
              }
            }
          ]
        },
        {
          "extension": [
            {
              "url": "http://hl7.org/fhir/StructureDefinition/questionnaire-itemControl",
              "valueCodeableConcept": {
                "coding": [
                  {
                    "system": "http://hl7.org/fhir/questionnaire-item-control",
                    "code": "radio-button"
                  }
                ]
              }
            }
          ],
          "linkId": "color2",
          "text": "Color 2",
          "_text": {
            "extension": [
              {
                "extension": [
                  {
                    "url": "lang",
                    "valueCode": "es"
                  },
                  {
                    "url": "content",
                    "valueString": "color"
                  }
                ],
                "url": "http://hl7.org/fhir/StructureDefinition/translation"
              },
              {
                "extension": [
                  {
                    "url": "lang",
                    "valueCode": "fr"
                  },
                  {
                    "url": "content",
                    "valueString": "couleur"
                  }
                ],
                "url": "http://hl7.org/fhir/StructureDefinition/translation"
              }
            ]
          },
          "type": "choice",
          "required": true,
          "repeats": false,
          "answerOption": [
            {
              "valueCoding": {
                "code": "r",
                "display": "Red",
                "_display": {
                  "extension": [
                    {
                      "extension": [
                        {
                          "url": "lang",
                          "valueCode": "fr"
                        },
                        {
                          "url": "content",
                          "valueString": "Rouge"
                        }
                      ],
                      "url": "http://hl7.org/fhir/StructureDefinition/translation"
                    },
                    {
                      "extension": [
                        {
                          "url": "lang",
                          "valueCode": "es"
                        },
                        {
                          "url": "content",
                          "valueString": "Rojo"
                        }
                      ],
                      "url": "http://hl7.org/fhir/StructureDefinition/translation"
                    }
                  ]
                }
              }
            },
            {
              "valueCoding": {
                "code": "b",
                "display": "Blue",
                "_display": {
                  "extension": [
                    {
                      "extension": [
                        {
                          "url": "lang",
                          "valueCode": "fr"
                        },
                        {
                          "url": "content",
                          "valueString": "Bleu"
                        }
                      ],
                      "url": "http://hl7.org/fhir/StructureDefinition/translation"
                    },
                    {
                      "extension": [
                        {
                          "url": "lang",
                          "valueCode": "es"
                        },
                        {
                          "url": "content",
                          "valueString": "Azul"
                        }
                      ],
                      "url": "http://hl7.org/fhir/StructureDefinition/translation"
                    }
                  ]
                }
              }
            },
            {
              "valueCoding": {
                "code": "g",
                "display": "Green",
                "_display": {
                  "extension": [
                    {
                      "extension": [
                        {
                          "url": "lang",
                          "valueCode": "es"
                        },
                        {
                          "url": "content",
                          "valueString": "Verde"
                        }
                      ],
                      "url": "http://hl7.org/fhir/StructureDefinition/translation"
                    },
                    {
                      "extension": [
                        {
                          "url": "lang",
                          "valueCode": "fr"
                        },
                        {
                          "url": "content",
                          "valueString": "Vert"
                        }
                      ],
                      "url": "http://hl7.org/fhir/StructureDefinition/translation"
                    }
                  ]
                }
              }
            }
          ]
        },
        {
          "extension": [
            {
              "url": "http://hl7.org/fhir/StructureDefinition/questionnaire-itemControl",
              "valueCodeableConcept": {
                "coding": [
                  {
                    "system": "http://hl7.org/fhir/questionnaire-item-control",
                    "code": "table"
                  }
                ]
              }
            }
          ],
          "linkId": "additional_colors",
          "text": "Additional Colors",
          "type": "group",
          "required": false,
          "repeats": true,
          "item": [
            {
              "linkId": "color3",
              "text": "Color 3",
              "_text": {
                "extension": [
                  {
                    "extension": [
                      {
                        "url": "lang",
                        "valueCode": "es"
                      },
                      {
                        "url": "content",
                        "valueString": "color"
                      }
                    ],
                    "url": "http://hl7.org/fhir/StructureDefinition/translation"
                  },
                  {
                    "extension": [
                      {
                        "url": "lang",
                        "valueCode": "fr"
                      },
                      {
                        "url": "content",
                        "valueString": "couleur"
                      }
                    ],
                    "url": "http://hl7.org/fhir/StructureDefinition/translation"
                  }
                ]
              },
              "type": "choice",
              "required": true,
              "repeats": false,
              "answerOption": [
                {
                  "valueCoding": {
                    "code": "r",
                    "display": "Red",
                    "_display": {
                      "extension": [
                        {
                          "extension": [
                            {
                              "url": "lang",
                              "valueCode": "fr"
                            },
                            {
                              "url": "content",
                              "valueString": "Rouge"
                            }
                          ],
                          "url": "http://hl7.org/fhir/StructureDefinition/translation"
                        },
                        {
                          "extension": [
                            {
                              "url": "lang",
                              "valueCode": "es"
                            },
                            {
                              "url": "content",
                              "valueString": "Rojo"
                            }
                          ],
                          "url": "http://hl7.org/fhir/StructureDefinition/translation"
                        }
                      ]
                    }
                  }
                },
                {
                  "valueCoding": {
                    "code": "b",
                    "display": "Blue",
                    "_display": {
                      "extension": [
                        {
                          "extension": [
                            {
                              "url": "lang",
                              "valueCode": "fr"
                            },
                            {
                              "url": "content",
                              "valueString": "Bleu"
                            }
                          ],
                          "url": "http://hl7.org/fhir/StructureDefinition/translation"
                        },
                        {
                          "extension": [
                            {
                              "url": "lang",
                              "valueCode": "es"
                            },
                            {
                              "url": "content",
                              "valueString": "Azul"
                            }
                          ],
                          "url": "http://hl7.org/fhir/StructureDefinition/translation"
                        }
                      ]
                    }
                  }
                },
                {
                  "valueCoding": {
                    "code": "g",
                    "display": "Green",
                    "_display": {
                      "extension": [
                        {
                          "extension": [
                            {
                              "url": "lang",
                              "valueCode": "es"
                            },
                            {
                              "url": "content",
                              "valueString": "Verde"
                            }
                          ],
                          "url": "http://hl7.org/fhir/StructureDefinition/translation"
                        },
                        {
                          "extension": [
                            {
                              "url": "lang",
                              "valueCode": "fr"
                            },
                            {
                              "url": "content",
                              "valueString": "Vert"
                            }
                          ],
                          "url": "http://hl7.org/fhir/StructureDefinition/translation"
                        }
                      ]
                    }
                  }
                }
              ]
            },
            {
              "linkId": "color4",
              "text": "Color 4",
              "_text": {
                "extension": [
                  {
                    "extension": [
                      {
                        "url": "lang",
                        "valueCode": "es"
                      },
                      {
                        "url": "content",
                        "valueString": "color"
                      }
                    ],
                    "url": "http://hl7.org/fhir/StructureDefinition/translation"
                  },
                  {
                    "extension": [
                      {
                        "url": "lang",
                        "valueCode": "fr"
                      },
                      {
                        "url": "content",
                        "valueString": "couleur"
                      }
                    ],
                    "url": "http://hl7.org/fhir/StructureDefinition/translation"
                  }
                ]
              },
              "type": "choice",
              "required": true,
              "repeats": false,
              "answerOption": [
                {
                  "valueCoding": {
                    "code": "r",
                    "display": "Red",
                    "_display": {
                      "extension": [
                        {
                          "extension": [
                            {
                              "url": "lang",
                              "valueCode": "fr"
                            },
                            {
                              "url": "content",
                              "valueString": "Rouge"
                            }
                          ],
                          "url": "http://hl7.org/fhir/StructureDefinition/translation"
                        },
                        {
                          "extension": [
                            {
                              "url": "lang",
                              "valueCode": "es"
                            },
                            {
                              "url": "content",
                              "valueString": "Rojo"
                            }
                          ],
                          "url": "http://hl7.org/fhir/StructureDefinition/translation"
                        }
                      ]
                    }
                  }
                },
                {
                  "valueCoding": {
                    "code": "b",
                    "display": "Blue",
                    "_display": {
                      "extension": [
                        {
                          "extension": [
                            {
                              "url": "lang",
                              "valueCode": "fr"
                            },
                            {
                              "url": "content",
                              "valueString": "Bleu"
                            }
                          ],
                          "url": "http://hl7.org/fhir/StructureDefinition/translation"
                        },
                        {
                          "extension": [
                            {
                              "url": "lang",
                              "valueCode": "es"
                            },
                            {
                              "url": "content",
                              "valueString": "Azul"
                            }
                          ],
                          "url": "http://hl7.org/fhir/StructureDefinition/translation"
                        }
                      ]
                    }
                  }
                },
                {
                  "valueCoding": {
                    "code": "g",
                    "display": "Green",
                    "_display": {
                      "extension": [
                        {
                          "extension": [
                            {
                              "url": "lang",
                              "valueCode": "es"
                            },
                            {
                              "url": "content",
                              "valueString": "Verde"
                            }
                          ],
                          "url": "http://hl7.org/fhir/StructureDefinition/translation"
                        },
                        {
                          "extension": [
                            {
                              "url": "lang",
                              "valueCode": "fr"
                            },
                            {
                              "url": "content",
                              "valueString": "Vert"
                            }
                          ],
                          "url": "http://hl7.org/fhir/StructureDefinition/translation"
                        }
                      ]
                    }
                  }
                }
              ]
            }
          ]
        },
        {
          "linkId": "size",
          "text": "Size",
          "_text": {
            "extension": [
              {
                "extension": [
                  {
                    "url": "lang",
                    "valueCode": "es"
                  },
                  {
                    "url": "content",
                    "valueString": "Tamaño"
                  }
                ],
                "url": "http://hl7.org/fhir/StructureDefinition/translation"
              },
              {
                "extension": [
                  {
                    "url": "lang",
                    "valueCode": "fr"
                  },
                  {
                    "url": "content",
                    "valueString": "Taille"
                  }
                ],
                "url": "http://hl7.org/fhir/StructureDefinition/translation"
              }
            ]
          },
          "type": "choice",
          "required": true,
          "repeats": false,
          "answerValueSet": "http://example.com/fhir/example/ValueSet/vs-product-size"
        }
      ]
    }
  ]
}