<?xml version="1.0" encoding="UTF-8"?>

<ValueSet xmlns="http://hl7.org/fhir">
  <id value="be-allergyintolerancecode"/>
  <text>
    <status value="generated"/><div xmlns="http://www.w3.org/1999/xhtml"><ul><li>Import all the codes that are contained in <a href="ValueSet-be-causativeagent.html">https://www.ehealth.fgov.be/standards/fhir/allergy/ValueSet/be-causativeagent</a></li></ul></div>
  </text>
  <url value="https://medigree.github.io/MLQuestionnaires/ValueSet-be-allergyintolerancecode"/>
  <version value="1.0.0"/>
  <name value="BeAllergyIntoleranceCode"/>
  <status value="active"/>
  <date value="2022-09-18T20:06:10+00:00"/>
  <publisher value="My Organization"/>
  <contact>
    <name value="My Organization"/>
    <telecom>
      <system value="url"/>
      <value value="http://example.com/committees"/>
    </telecom>
    <telecom>
      <system value="email"/>
      <value value="my-group@example.com"/>
    </telecom>
  </contact>
  <contact>
    <name value="Bob Smith"/>
    <telecom>
      <system value="email"/>
      <value value="bobsmith@example.com"/>
      <use value="work"/>
    </telecom>
  </contact>
  <description value="Codes as communicated by NIHDI and the FOD Terminology Center differentiating types of allergy intolerance codes. This valueset supports the Belgian federal FHIR profiling effort."/>
  <jurisdiction>
    <coding>
      <system value="http://unstats.un.org/unsd/methods/m49/m49.htm"/>
      <code value="001"/>
      <display value="World"/>
    </coding>
  </jurisdiction>
  <compose>
    <include>
      <valueSet value="https://www.ehealth.fgov.be/standards/fhir/allergy/ValueSet/be-causativeagent"/>
    </include>
  </compose>
</ValueSet>